total_packets,packets_per_second,beacon_count,probe_request_count,probe_response_count,authentication_count,deauth_count,disassociation_count,reassociation_count,data_count,control_count,management_count,unique_source_macs,unique_destination_macs,unique_bssids,retry_count,retry_ratio,deauth_per_second,disassociation_per_second,reassociation_per_second,beacon_per_second,management_ratio,control_ratio,data_ratio,clients_per_bssid,label
118.0,23.6,49.0,31.0,8.0,0.0,0.0,0.0,0.0,30.0,0.0,88.0,4.0,4.0,1.0,1.0,0.00847457627118644,0.0,0.0,0.0,9.8,0.7457627118644068,0.0,0.2542372881355932,4.0,0
294.0,58.8,49.0,1.0,3.0,2.0,0.0,0.0,0.0,79.0,148.0,67.0,4.0,8.0,1.0,0.0,0.0,0.0,0.0,0.0,9.8,0.22789115646258504,0.5034013605442177,0.2687074829931973,4.0,0
303.0,60.6,48.0,10.0,10.0,2.0,0.0,0.0,0.0,99.0,119.0,85.0,8.0,15.0,1.0,9.0,0.0297029702970297,0.0,0.0,0.0,9.6,0.28052805280528054,0.3927392739273927,0.32673267326732675,8.0,0
387.0,77.4,48.0,12.0,13.0,2.0,0.0,0.0,0.0,125.0,175.0,87.0,8.0,14.0,1.0,11.0,0.028423772609819122,0.0,0.0,0.0,9.6,0.2248062015503876,0.45219638242894056,0.32299741602067183,8.0,0
747.0,149.4,48.0,4.0,4.0,0.0,0.0,0.0,0.0,113.0,574.0,60.0,6.0,9.0,1.0,0.0,0.0,0.0,0.0,0.0,9.6,0.08032128514056225,0.7684069611780455,0.15127175368139223,6.0,0
110.0,22.0,48.0,3.0,4.0,0.0,0.0,0.0,0.0,27.0,25.0,58.0,6.0,7.0,1.0,1.0,0.00909090909090909,0.0,0.0,0.0,9.6,0.5272727272727272,0.22727272727272727,0.24545454545454545,6.0,0
264.0,52.8,49.0,2.0,4.0,2.0,0.0,3.0,0.0,103.0,96.0,65.0,6.0,9.0,1.0,3.0,0.011363636363636364,0.0,0.6,0.0,9.8,0.24621212121212122,0.36363636363636365,0.39015151515151514,6.0,0
727.0,145.4,49.0,2.0,2.0,0.0,0.0,0.0,0.0,109.0,561.0,57.0,8.0,13.0,1.0,5.0,0.0068775790921595595,0.0,0.0,0.0,9.8,0.07840440165061899,0.7716643741403026,0.1499312242090784,8.0,0
767.0,153.4,49.0,6.0,6.0,2.0,0.0,0.0,0.0,158.0,541.0,68.0,12.0,21.0,2.0,13.0,0.01694915254237288,0.0,0.0,0.0,9.8,0.08865710560625815,0.7053455019556715,0.20599739243807041,6.0,0
1919.0,383.8,49.0,2.0,4.0,0.0,0.0,0.0,0.0,232.0,1626.0,61.0,9.0,22.0,3.0,22.0,0.011464304325169358,0.0,0.0,0.0,9.8,0.03178738926524231,0.8473163105784263,0.12089630015633142,3.0,0
669.0,133.8,49.0,2.0,2.0,0.0,0.0,0.0,0.0,149.0,466.0,54.0,10.0,20.0,1.0,26.0,0.03886397608370702,0.0,0.0,0.0,9.8,0.08071748878923767,0.6965620328849028,0.2227204783258595,10.0,0
276.0,55.2,48.0,1.0,2.0,0.0,0.0,0.0,0.0,27.0,196.0,53.0,7.0,10.0,1.0,5.0,0.018115942028985508,0.0,0.0,0.0,9.6,0.19202898550724637,0.7101449275362319,0.09782608695652174,7.0,0
536.0,107.2,49.0,27.0,14.0,2.0,0.0,0.0,0.0,136.0,305.0,95.0,10.0,14.0,2.0,5.0,0.009328358208955223,0.0,0.0,0.0,9.8,0.17723880597014927,0.5690298507462687,0.2537313432835821,5.0,0
140.0,28.0,49.0,0.0,0.0,0.0,0.0,0.0,0.0,29.0,58.0,53.0,6.0,8.0,1.0,5.0,0.03571428571428571,0.0,0.0,0.0,9.8,0.37857142857142856,0.4142857142857143,0.20714285714285716,6.0,0
219.0,43.8,49.0,3.0,3.0,2.0,0.0,0.0,0.0,61.0,99.0,59.0,6.0,10.0,1.0,1.0,0.0045662100456621,0.0,0.0,0.0,9.8,0.2694063926940639,0.4520547945205479,0.2785388127853881,6.0,0
218.0,43.6,49.0,2.0,4.0,0.0,0.0,0.0,0.0,77.0,86.0,55.0,7.0,11.0,1.0,1.0,0.0045871559633027525,0.0,0.0,0.0,9.8,0.25229357798165136,0.3944954128440367,0.3532110091743119,7.0,0
778.0,155.6,49.0,2.0,2.0,2.0,0.0,0.0,0.0,198.0,510.0,70.0,7.0,22.0,1.0,27.0,0.03470437017994859,0.0,0.0,0.0,9.8,0.08997429305912596,0.6555269922879178,0.2544987146529563,7.0,0
1584.0,316.8,47.0,3.0,3.0,2.0,0.0,0.0,0.0,337.0,1171.0,76.0,10.0,24.0,1.0,102.0,0.06439393939393939,0.0,0.0,0.0,9.4,0.047979797979797977,0.7392676767676768,0.21275252525252525,10.0,0
1685.0,337.0,47.0,13.0,15.0,0.0,0.0,0.0,0.0,306.0,1300.0,79.0,12.0,28.0,1.0,49.0,0.029080118694362018,0.0,0.0,0.0,9.4,0.04688427299703264,0.771513353115727,0.18160237388724035,12.0,0
7517.0,1503.4,47.0,0.0,0.0,0.0,0.0,0.0,0.0,343.0,7127.0,47.0,9.0,19.0,1.0,277.0,0.03684980710389783,0.0,0.0,0.0,9.4,0.006252494346148729,0.9481176001064254,0.04562990554742583,9.0,0
829.0,165.8,48.0,4.0,7.0,2.0,0.0,0.0,0.0,262.0,501.0,66.0,11.0,18.0,2.0,238.0,0.2870928829915561,0.0,0.0,0.0,9.6,0.07961399276236429,0.6043425814234017,0.316043425814234,5.5,0
236.0,47.2,49.0,0.0,0.0,0.0,0.0,0.0,0.0,54.0,133.0,49.0,6.0,13.0,1.0,7.0,0.029661016949152543,0.0,0.0,0.0,9.8,0.2076271186440678,0.5635593220338984,0.2288135593220339,6.0,0
204.0,40.8,49.0,4.0,4.0,0.0,0.0,0.0,0.0,60.0,87.0,57.0,8.0,14.0,1.0,12.0,0.058823529411764705,0.0,0.0,0.0,9.8,0.27941176470588236,0.4264705882352941,0.29411764705882354,8.0,0
420.0,84.0,47.0,3.0,5.0,0.0,0.0,0.0,0.0,48.0,315.0,57.0,7.0,14.0,1.0,17.0,0.04047619047619048,0.0,0.0,0.0,9.4,0.1357142857142857,0.75,0.11428571428571428,7.0,0
258.0,51.6,49.0,2.0,2.0,0.0,0.0,0.0,0.0,89.0,116.0,53.0,3.0,6.0,1.0,5.0,0.01937984496124031,0.0,0.0,0.0,9.8,0.2054263565891473,0.4496124031007752,0.3449612403100775,3.0,0
118.0,23.6,49.0,2.0,2.0,0.0,0.0,0.0,0.0,11.0,53.0,54.0,6.0,12.0,1.0,6.0,0.05084745762711865,0.0,0.0,0.0,9.8,0.4576271186440678,0.4491525423728814,0.09322033898305085,6.0,0
222.0,44.4,49.0,2.0,4.0,0.0,0.0,0.0,0.0,56.0,111.0,55.0,3.0,7.0,1.0,10.0,0.04504504504504504,0.0,0.0,0.0,9.8,0.24774774774774774,0.5,0.25225225225225223,3.0,0
116.0,23.2,49.0,0.0,0.0,0.0,0.0,0.0,0.0,8.0,59.0,49.0,5.0,6.0,1.0,6.0,0.05172413793103448,0.0,0.0,0.0,9.8,0.4224137931034483,0.5086206896551724,0.06896551724137931,5.0,0
232.0,46.4,48.0,4.0,4.0,0.0,0.0,0.0,0.0,77.0,99.0,56.0,7.0,10.0,1.0,6.0,0.02586206896551724,0.0,0.0,0.0,9.6,0.2413793103448276,0.4267241379310345,0.33189655172413796,7.0,0
254.0,50.8,49.0,0.0,2.0,0.0,0.0,0.0,0.0,39.0,164.0,51.0,10.0,15.0,1.0,6.0,0.023622047244094488,0.0,0.0,0.0,9.8,0.20078740157480315,0.6456692913385826,0.15354330708661418,10.0,0
191.0,38.2,49.0,4.0,4.0,0.0,0.0,0.0,0.0,57.0,77.0,57.0,4.0,9.0,1.0,10.0,0.05235602094240838,0.0,0.0,0.0,9.8,0.29842931937172773,0.4031413612565445,0.29842931937172773,4.0,0
169.0,33.8,49.0,0.0,2.0,0.0,0.0,0.0,0.0,54.0,64.0,51.0,4.0,7.0,1.0,5.0,0.029585798816568046,0.0,0.0,0.0,9.8,0.30177514792899407,0.378698224852071,0.31952662721893493,4.0,0
299.0,59.8,48.0,2.0,2.0,0.0,0.0,0.0,0.0,62.0,185.0,52.0,7.0,10.0,1.0,6.0,0.020066889632107024,0.0,0.0,0.0,9.6,0.17391304347826086,0.6187290969899666,0.20735785953177258,7.0,0
139.0,27.8,49.0,2.0,2.0,0.0,0.0,0.0,0.0,21.0,65.0,53.0,8.0,10.0,1.0,6.0,0.04316546762589928,0.0,0.0,0.0,9.8,0.381294964028777,0.4676258992805755,0.1510791366906475,8.0,0
274.0,54.8,48.0,2.0,6.0,0.0,0.0,0.0,0.0,95.0,123.0,56.0,6.0,11.0,1.0,10.0,0.0364963503649635,0.0,0.0,0.0,9.6,0.20437956204379562,0.4489051094890511,0.3467153284671533,6.0,0
92.0,18.4,49.0,0.0,2.0,0.0,0.0,0.0,0.0,16.0,25.0,51.0,3.0,7.0,1.0,5.0,0.05434782608695652,0.0,0.0,0.0,9.8,0.5543478260869565,0.2717391304347826,0.17391304347826086,3.0,0
1252.0,250.4,49.0,2.0,4.0,0.0,0.0,0.0,0.0,217.0,979.0,56.0,12.0,15.0,5.0,12.0,0.009584664536741214,0.0,0.0,0.0,9.8,0.04472843450479233,0.7819488817891374,0.1733226837060703,2.4,0
788.0,157.6,48.0,0.0,0.0,0.0,0.0,0.0,0.0,68.0,671.0,49.0,9.0,10.0,1.0,9.0,0.011421319796954314,0.0,0.0,0.0,9.6,0.06218274111675127,0.8515228426395939,0.08629441624365482,9.0,0
479.0,95.8,49.0,2.0,2.0,0.0,0.0,0.0,0.0,90.0,335.0,54.0,4.0,9.0,1.0,11.0,0.022964509394572025,0.0,0.0,0.0,9.8,0.1127348643006263,0.6993736951983298,0.18789144050104384,4.0,0
4178.0,835.6,48.0,0.0,0.0,0.0,0.0,0.0,0.0,570.0,3560.0,48.0,9.0,13.0,2.0,12.0,0.0028721876495931067,0.0,0.0,0.0,9.6,0.011488750598372427,0.852082336045955,0.13642891335567256,4.5,0
19992.0,3998.4,42.0,0.0,0.0,0.0,0.0,0.0,0.0,6933.0,13017.0,42.0,30.0,41.0,17.0,42.0,0.0021008403361344537,0.0,0.0,0.0,8.4,0.0021008403361344537,0.651110444177671,0.3467887154861945,1.7647058823529411,0
9709.0,1941.8,41.0,3.0,5.0,14.0,1098.0,8.0,12.0,2623.0,5870.0,1216.0,42.0,52.0,19.0,398.0,0.04099289319188382,219.6,1.6,2.4,8.2,0.12524461839530332,0.6045936759707488,0.27016170563394787,2.210526315789474,1
12864.0,2572.8,49.0,31.0,14.0,14.0,1070.0,8.0,13.0,3076.0,8463.0,1325.0,47.0,51.0,25.0,522.0,0.04057835820895522,214.0,1.6,2.6,9.8,0.10300062189054726,0.6578824626865671,0.23911691542288557,1.88,1
8475.0,1695.0,48.0,73.0,27.0,6.0,1181.0,11.0,4.0,1671.0,5113.0,1691.0,38.0,38.0,15.0,341.0,0.04023598820058997,236.2,2.2,0.8,9.6,0.19952802359882005,0.6033038348082596,0.19716814159292034,2.533333333333333,1
12315.0,2463.0,48.0,21.0,3.0,8.0,1180.0,7.0,6.0,5723.0,5304.0,1288.0,30.0,35.0,16.0,1433.0,0.11636215996751928,236.0,1.4,1.2,9.6,0.10458790093382055,0.430694275274056,0.46471782379212345,1.875,1
6637.0,1327.4,28.0,0.0,4.0,2.0,659.0,2.0,2.0,1269.0,4623.0,745.0,21.0,20.0,5.0,261.0,0.03932499623323791,131.8,0.4,0.4,5.6,0.11224951032092813,0.6965496459243634,0.19120084375470844,4.2,1
9313.0,1862.6,42.0,1.0,1.0,8.0,883.0,3.0,6.0,2706.0,5649.0,958.0,30.0,33.0,14.0,365.0,0.039192526575754325,176.6,0.6,1.2,8.4,0.10286696016321271,0.60657145925051,0.29056158058627723,2.142857142857143,1
12255.0,2451.0,45.0,0.0,0.0,6.0,983.0,3.0,6.0,3007.0,8196.0,1052.0,42.0,49.0,18.0,358.0,0.029212566299469604,196.6,0.6,1.2,9.0,0.08584251325989392,0.6687882496940024,0.24536923704610364,2.3333333333333335,1
28432.0,5686.4,45.0,1.0,1.0,6.0,699.0,5.0,5.0,8511.0,18845.0,1076.0,100.0,95.0,98.0,302.0,0.01062183455261677,139.8,1.0,1.0,9.0,0.037844682048396174,0.6628095104108047,0.2993458075407991,1.0204081632653061,1
15198.0,3039.6,42.0,4.0,4.0,2.0,894.0,0.0,0.0,4832.0,9308.0,1058.0,40.0,45.0,30.0,541.0,0.035596789051190944,178.8,0.0,0.0,8.4,0.06961442295038821,0.6124490064482169,0.3179365706013949,1.3333333333333333,1
6390.0,1278.0,49.0,1.0,1.0,2.0,1380.0,7.0,0.0,1331.0,3469.0,1590.0,11.0,14.0,2.0,408.0,0.06384976525821597,276.0,1.4,0.0,9.8,0.24882629107981222,0.5428794992175274,0.2082942097026604,5.5,1
4009.0,801.8,49.0,4.0,4.0,2.0,1424.0,0.0,0.0,733.0,1791.0,1485.0,11.0,15.0,1.0,211.0,0.05263157894736842,284.8,0.0,0.0,9.8,0.3704165627338488,0.44674482414567224,0.18283861312047892,11.0,1
4918.0,983.6,46.0,17.0,4.0,2.0,1404.0,0.0,0.0,820.0,2615.0,1483.0,25.0,35.0,27.0,202.0,0.04107360715738105,280.8,0.0,0.0,9.2,0.30154534363562424,0.5317202114680765,0.16673444489629932,0.9259259259259259,1
4330.0,866.0,48.0,15.0,8.0,0.0,1402.0,0.0,0.0,783.0,2066.0,1481.0,12.0,18.0,2.0,268.0,0.06189376443418014,280.4,0.0,0.0,9.6,0.3420323325635104,0.4771362586605081,0.18083140877598153,6.0,1
10895.0,2179.0,47.0,1.0,1.0,0.0,1208.0,0.0,0.0,4851.0,4779.0,1265.0,21.0,23.0,10.0,868.0,0.07966957319871501,241.6,0.0,0.0,9.4,0.11610830656264341,0.43864157870582837,0.4452501147315282,2.1,1
4260.0,852.0,42.0,0.0,0.0,2.0,1229.0,0.0,0.0,1098.0,1871.0,1291.0,12.0,15.0,2.0,337.0,0.07910798122065728,245.8,0.0,0.0,8.4,0.3030516431924883,0.4392018779342723,0.2577464788732394,6.0,1
27072.0,5414.4,44.0,0.0,0.0,0.0,0.0,0.0,0.0,7353.0,19675.0,44.0,72.0,77.0,55.0,613.0,0.022643321513002364,0.0,0.0,0.0,8.8,0.0016252955082742316,0.7267656619385343,0.2716090425531915,1.309090909090909,0
19369.0,3873.8,48.0,0.0,0.0,2.0,472.0,6.0,2.0,6100.0,12248.0,1021.0,63.0,69.0,39.0,345.0,0.01781196757705612,94.4,1.2,0.4,9.6,0.05271309824978058,0.6323506634312561,0.3149362383189633,1.6153846153846154,1
3559.0,711.8,16.0,0.0,0.0,4.0,409.0,3.0,4.0,819.0,2212.0,528.0,16.0,16.0,5.0,90.0,0.025288002247822423,81.8,0.6,0.8,3.2,0.14835627985389155,0.6215228996909244,0.23012082045518403,3.2,1
6224.0,1244.8,49.0,2.0,3.0,10.0,1312.0,6.0,6.0,945.0,3856.0,1423.0,27.0,31.0,10.0,227.0,0.03647172236503856,262.4,1.2,1.2,9.8,0.22863110539845757,0.6195372750642674,0.15183161953727506,2.7,1
19796.0,3959.2,49.0,1.0,1.0,8.0,1081.0,7.0,6.0,8081.0,10544.0,1171.0,20.0,24.0,7.0,1082.0,0.054657506566983226,216.2,1.4,1.2,9.8,0.05915336431602344,0.5326328551222469,0.40821378056172963,2.857142857142857,1
20420.0,4084.0,48.0,5.0,5.0,12.0,1052.0,7.0,3.0,6873.0,12373.0,1174.0,22.0,36.0,7.0,490.0,0.023996082272282077,210.4,1.4,0.6,9.6,0.057492654260528894,0.6059255631733594,0.33658178256611165,3.142857142857143,1
3560.0,712.0,7.0,0.0,0.0,0.0,159.0,1.0,0.0,957.0,2436.0,167.0,20.0,20.0,6.0,130.0,0.03651685393258427,31.8,0.2,0.0,1.4,0.04691011235955056,0.6842696629213483,0.2688202247191011,3.3333333333333335,1
25952.0,5190.4,36.0,0.0,0.0,4.0,470.0,2.0,3.0,14885.0,10541.0,526.0,32.0,33.0,14.0,2172.0,0.08369297163995068,94.0,0.4,0.6,7.2,0.02026818742293465,0.406172934648582,0.5735588779284834,2.2857142857142856,1
24048.0,4809.6,36.0,0.0,0.0,3.0,439.0,1.0,4.0,12000.0,11455.0,593.0,28.0,28.0,6.0,1676.0,0.06969394544244843,87.8,0.2,0.8,7.2,0.024659015302727877,0.4763389886892881,0.499001996007984,4.666666666666667,1
22947.0,4589.4,41.0,7.0,7.0,4.0,706.0,6.0,4.0,8875.0,13281.0,791.0,47.0,53.0,33.0,658.0,0.02867477230139016,141.2,1.2,0.8,8.2,0.034470736915500934,0.5787684664662047,0.3867607966182943,1.4242424242424243,1
16602.0,3320.4,46.0,3.0,2.0,4.0,957.0,8.0,4.0,5195.0,10303.0,1104.0,40.0,51.0,23.0,369.0,0.022226237802674378,191.4,1.6,0.8,9.2,0.06649801228767618,0.6205878809781954,0.3129141067341284,1.7391304347826086,1
10451.0,2090.2,22.0,6.0,3.0,2.0,406.0,6.0,2.0,3741.0,6246.0,464.0,17.0,19.0,10.0,109.0,0.01042962395942972,81.2,1.2,0.4,4.4,0.044397665295187065,0.5976461582623672,0.3579561764424457,1.7,1
23306.0,4661.2,45.0,32.0,10.0,6.0,887.0,4.0,6.0,8924.0,13359.0,1023.0,37.0,46.0,32.0,400.0,0.017162962327297693,177.4,0.8,1.2,9.0,0.043894276152063844,0.5732000343259247,0.3829056895220115,1.15625,1
12027.0,2405.4,49.0,11.0,9.0,6.0,1028.0,3.0,4.0,4463.0,6410.0,1154.0,19.0,25.0,7.0,397.0,0.033009062941714476,205.6,0.6,0.8,9.8,0.09595077741747735,0.5329674898145839,0.3710817327679388,2.7142857142857144,1
12645.0,2529.0,49.0,17.0,17.0,4.0,1002.0,0.0,1.0,4051.0,7483.0,1111.0,18.0,22.0,7.0,226.0,0.017872676947410043,200.4,0.0,0.2,9.8,0.087860814551206,0.591775405298537,0.320363780150257,2.5714285714285716,1
2022.0,404.4,2.0,0.0,0.0,0.0,5.0,0.0,0.0,915.0,1100.0,7.0,7.0,7.0,1.0,3.0,0.001483679525222552,1.0,0.0,0.0,0.4,0.0034619188921859545,0.5440158259149357,0.45252225519287836,7.0,1
19413.0,3882.6,47.0,10.0,11.0,2.0,919.0,0.0,0.0,7131.0,11285.0,997.0,36.0,37.0,17.0,539.0,0.02776489980940607,183.8,0.0,0.0,9.4,0.0513573378663782,0.5813114922989749,0.36733116983464686,2.1176470588235294,1
15298.0,3059.6,47.0,36.0,12.0,0.0,952.0,0.0,0.0,5320.0,8931.0,1047.0,29.0,32.0,8.0,427.0,0.027912145378480847,190.4,0.0,0.0,9.4,0.06844031899594719,0.5838018041574062,0.3477578768466466,3.625,1
15289.0,3057.8,42.0,34.0,5.0,0.0,861.0,0.0,0.0,6458.0,7888.0,943.0,30.0,33.0,5.0,747.0,0.048858656550461114,172.2,0.0,0.0,8.4,0.061678330826084114,0.5159264830924194,0.4223951860814965,6.0,1
15525.0,3105.0,43.0,26.0,9.0,0.0,932.0,0.0,0.0,4602.0,9905.0,1018.0,39.0,52.0,21.0,553.0,0.03561996779388084,186.4,0.0,0.0,8.6,0.06557165861513688,0.6380032206119163,0.29642512077294686,1.8571428571428572,1
20472.0,4094.4,46.0,0.0,0.0,0.0,943.0,0.0,0.0,6200.0,13256.0,1016.0,69.0,79.0,78.0,457.0,0.02232317311449785,188.6,0.0,0.0,9.2,0.04962876123485736,0.6475185619382572,0.3028526768268855,0.8846153846153846,1
12716.0,2543.2,49.0,6.0,6.0,5.0,1252.0,1.0,0.0,3252.0,8139.0,1325.0,33.0,41.0,21.0,396.0,0.031141868512110725,250.4,0.2,0.0,9.8,0.10419943378420887,0.640059767222397,0.25574079899339414,1.5714285714285714,1
1287.0,257.4,7.0,0.0,0.0,0.0,209.0,0.0,0.0,252.0,819.0,216.0,9.0,13.0,3.0,40.0,0.03108003108003108,41.8,0.0,0.0,1.4,0.16783216783216784,0.6363636363636364,0.1958041958041958,3.0,1
3672.0,734.4,43.0,0.0,0.0,0.0,1291.0,0.0,0.0,726.0,1604.0,1342.0,14.0,20.0,2.0,209.0,0.056917211328976036,258.2,0.0,0.0,8.6,0.36546840958605664,0.43681917211328974,0.1977124183006536,7.0,1
11869.0,2373.8,47.0,0.0,0.0,0.0,1139.0,0.0,0.0,5774.0,4889.0,1206.0,13.0,18.0,3.0,1235.0,0.10405257393209201,227.8,0.0,0.0,9.4,0.10160923413935462,0.41191338781700226,0.4864773780436431,4.333333333333333,1
12231.0,2446.2,46.0,33.0,7.0,0.0,1110.0,0.0,0.0,5990.0,5035.0,1206.0,15.0,21.0,6.0,921.0,0.07530046602894284,222.0,0.0,0.0,9.2,0.09860191317144959,0.41165889951761914,0.48973918731093125,2.5,1
20869.0,4173.8,49.0,0.0,1.0,0.0,1038.0,0.0,0.0,9436.0,10335.0,1098.0,28.0,30.0,18.0,887.0,0.04250323446260003,207.6,0.0,0.0,9.8,0.05261392496046768,0.4952321625377354,0.45215391250179693,1.5555555555555556,1
1359.0,271.8,4.0,0.0,0.0,0.0,160.0,0.0,0.0,375.0,819.0,165.0,7.0,8.0,2.0,24.0,0.017660044150110375,32.0,0.0,0.0,0.8,0.12141280353200883,0.6026490066225165,0.27593818984547464,3.5,1
89.0,17.8,49.0,14.0,4.0,0.0,0.0,0.0,0.0,20.0,2.0,67.0,4.0,4.0,1.0,1.0,0.011235955056179775,0.0,0.0,0.0,9.8,0.7528089887640449,0.02247191011235955,0.2247191011235955,4.0,0
260.0,52.0,49.0,46.0,17.0,2.0,0.0,0.0,0.0,61.0,77.0,122.0,6.0,10.0,1.0,2.0,0.007692307692307693,0.0,0.0,0.0,9.8,0.46923076923076923,0.29615384615384616,0.23461538461538461,6.0,0
278.0,55.6,49.0,3.0,3.0,2.0,0.0,0.0,0.0,79.0,135.0,64.0,4.0,8.0,1.0,0.0,0.0,0.0,0.0,0.0,9.8,0.2302158273381295,0.4856115107913669,0.2841726618705036,4.0,0
798.0,159.6,49.0,3.0,7.0,2.0,0.0,0.0,0.0,109.0,619.0,70.0,5.0,12.0,1.0,4.0,0.005012531328320802,0.0,0.0,0.0,9.8,0.08771929824561403,0.7756892230576441,0.13659147869674185,5.0,0
123.0,24.6,49.0,1.0,2.0,0.0,0.0,0.0,0.0,32.0,39.0,52.0,6.0,9.0,1.0,0.0,0.0,0.0,0.0,0.0,9.8,0.42276422764227645,0.3170731707317073,0.2601626016260163,6.0,0
183.0,36.6,47.0,1.0,4.0,0.0,0.0,0.0,0.0,58.0,71.0,54.0,7.0,9.0,1.0,1.0,0.00546448087431694,0.0,0.0,0.0,9.4,0.29508196721311475,0.3879781420765027,0.31693989071038253,7.0,0
197.0,39.4,49.0,3.0,2.0,2.0,0.0,0.0,0.0,54.0,85.0,58.0,7.0,6.0,1.0,2.0,0.01015228426395939,0.0,0.0,0.0,9.8,0.29441624365482233,0.43147208121827413,0.27411167512690354,7.0,0
1160.0,232.0,49.0,3.0,2.0,0.0,0.0,1.0,0.0,124.0,970.0,66.0,10.0,22.0,1.0,2.0,0.0017241379310344827,0.0,0.2,0.0,9.8,0.056896551724137934,0.8362068965517241,0.10689655172413794,10.0,0
381.0,76.2,49.0,0.0,2.0,2.0,0.0,0.0,0.0,68.0,258.0,55.0,7.0,12.0,1.0,1.0,0.0026246719160104987,0.0,0.0,0.0,9.8,0.14435695538057744,0.6771653543307087,0.1784776902887139,7.0,0
963.0,192.6,49.0,0.0,0.0,0.0,0.0,0.0,0.0,180.0,729.0,54.0,9.0,21.0,1.0,5.0,0.005192107995846314,0.0,0.0,0.0,9.8,0.056074766355140186,0.7570093457943925,0.18691588785046728,9.0,0
122.0,24.4,49.0,0.0,0.0,0.0,0.0,0.0,0.0,25.0,47.0,50.0,7.0,11.0,1.0,0.0,0.0,0.0,0.0,0.0,9.8,0.4098360655737705,0.38524590163934425,0.20491803278688525,7.0,0
281.0,56.2,48.0,1.0,3.0,2.0,0.0,0.0,0.0,77.0,147.0,57.0,8.0,13.0,1.0,1.0,0.0035587188612099642,0.0,0.0,0.0,9.6,0.20284697508896798,0.5231316725978647,0.27402135231316727,8.0,0
135.0,27.0,49.0,14.0,4.0,0.0,0.0,0.0,0.0,29.0,35.0,71.0,7.0,10.0,1.0,7.0,0.05185185185185185,0.0,0.0,0.0,9.8,0.5259259259259259,0.25925925925925924,0.21481481481481482,7.0,0
147.0,29.4,48.0,13.0,4.0,2.0,0.0,0.0,0.0,19.0,59.0,69.0,9.0,13.0,1.0,1.0,0.006802721088435374,0.0,0.0,0.0,9.6,0.46938775510204084,0.4013605442176871,0.1292517006802721,9.0,0
1506.0,301.2,49.0,0.0,2.0,2.0,0.0,0.0,0.0,162.0,1285.0,59.0,7.0,21.0,1.0,2.0,0.0013280212483399733,0.0,0.0,0.0,9.8,0.039176626826029216,0.853253652058433,0.10756972111553785,7.0,0
2269.0,453.8,49.0,1.0,1.0,2.0,0.0,0.0,0.0,261.0,1941.0,67.0,7.0,20.0,1.0,16.0,0.007051564565888057,0.0,0.0,0.0,9.8,0.029528426619656236,0.8554429263992949,0.11502864698104892,7.0,0
1511.0,302.2,48.0,11.0,11.0,0.0,0.0,0.0,0.0,145.0,1291.0,75.0,9.0,16.0,1.0,14.0,0.009265387160820648,0.0,0.0,0.0,9.6,0.04963600264725347,0.8544010589013898,0.09596293845135671,9.0,0
1328.0,265.6,48.0,0.0,2.0,0.0,0.0,0.0,0.0,153.0,1125.0,50.0,10.0,24.0,1.0,6.0,0.004518072289156626,0.0,0.0,0.0,9.6,0.03765060240963856,0.8471385542168675,0.11521084337349398,10.0,0
351.0,70.2,49.0,0.0,0.0,0.0,1.0,0.0,0.0,15.0,286.0,50.0,7.0,12.0,1.0,6.0,0.017094017094017096,0.2,0.0,0.0,9.8,0.14245014245014245,0.8148148148148148,0.042735042735042736,7.0,0
932.0,186.4,48.0,1.0,1.0,2.0,0.0,0.0,0.0,248.0,628.0,56.0,8.0,13.0,3.0,14.0,0.015021459227467811,0.0,0.0,0.0,9.6,0.060085836909871244,0.6738197424892703,0.26609442060085836,2.6666666666666665,0
264.0,52.8,49.0,0.0,2.0,0.0,0.0,0.0,0.0,57.0,156.0,51.0,6.0,12.0,1.0,6.0,0.022727272727272728,0.0,0.0,0.0,9.8,0.19318181818181818,0.5909090909090909,0.2159090909090909,6.0,0
210.0,42.0,49.0,0.0,0.0,0.0,0.0,0.0,0.0,36.0,125.0,49.0,8.0,14.0,1.0,10.0,0.047619047619047616,0.0,0.0,0.0,9.8,0.23333333333333334,0.5952380952380952,0.17142857142857143,8.0,0
108.0,21.6,49.0,0.0,0.0,0.0,0.0,0.0,0.0,17.0,42.0,49.0,8.0,10.0,1.0,5.0,0.046296296296296294,0.0,0.0,0.0,9.8,0.4537037037037037,0.3888888888888889,0.1574074074074074,8.0,0
191.0,38.2,48.0,0.0,2.0,0.0,0.0,0.0,0.0,57.0,84.0,50.0,4.0,10.0,1.0,10.0,0.05235602094240838,0.0,0.0,0.0,9.6,0.2617801047120419,0.4397905759162304,0.29842931937172773,4.0,0
159.0,31.8,49.0,0.0,0.0,0.0,0.0,0.0,0.0,42.0,66.0,51.0,8.0,13.0,1.0,10.0,0.06289308176100629,0.0,0.0,0.0,9.8,0.32075471698113206,0.41509433962264153,0.2641509433962264,8.0,0
115.0,23.0,49.0,0.0,0.0,0.0,0.0,0.0,0.0,8.0,58.0,49.0,4.0,9.0,1.0,6.0,0.05217391304347826,0.0,0.0,0.0,9.8,0.4260869565217391,0.5043478260869565,0.06956521739130435,4.0,0
1383.0,276.6,49.0,0.0,2.0,0.0,0.0,0.0,0.0,55.0,1277.0,51.0,4.0,9.0,1.0,7.0,0.005061460592913955,0.0,0.0,0.0,9.8,0.0368763557483731,0.923355025307303,0.03976861894432393,4.0,0
210.0,42.0,49.0,0.0,0.0,0.0,0.0,0.0,0.0,17.0,144.0,49.0,5.0,12.0,1.0,10.0,0.047619047619047616,0.0,0.0,0.0,9.8,0.23333333333333334,0.6857142857142857,0.08095238095238096,5.0,0
135.0,27.0,48.0,0.0,0.0,0.0,0.0,0.0,0.0,13.0,74.0,48.0,4.0,8.0,1.0,6.0,0.044444444444444446,0.0,0.0,0.0,9.6,0.35555555555555557,0.5481481481481482,0.0962962962962963,4.0,0
417.0,83.4,49.0,0.0,2.0,0.0,0.0,0.0,0.0,67.0,299.0,51.0,9.0,15.0,1.0,5.0,0.011990407673860911,0.0,0.0,0.0,9.8,0.1223021582733813,0.7170263788968825,0.1606714628297362,9.0,0
126.0,25.2,49.0,0.0,0.0,0.0,0.0,0.0,0.0,13.0,64.0,49.0,5.0,7.0,1.0,7.0,0.05555555555555555,0.0,0.0,0.0,9.8,0.3888888888888889,0.5079365079365079,0.10317460317460317,5.0,0
136.0,27.2,49.0,0.0,4.0,0.0,0.0,0.0,0.0,22.0,61.0,53.0,3.0,8.0,1.0,10.0,0.07352941176470588,0.0,0.0,0.0,9.8,0.3897058823529412,0.4485294117647059,0.16176470588235295,3.0,0
607.0,121.4,49.0,0.0,0.0,0.0,0.0,0.0,0.0,85.0,473.0,49.0,10.0,10.0,3.0,6.0,0.009884678747940691,0.0,0.0,0.0,9.8,0.08072487644151564,0.7792421746293245,0.1400329489291598,3.3333333333333335,0
491.0,98.2,49.0,0.0,0.0,0.0,0.0,0.0,0.0,112.0,326.0,53.0,9.0,15.0,1.0,10.0,0.020366598778004074,0.0,0.0,0.0,9.8,0.1079429735234216,0.6639511201629328,0.22810590631364563,9.0,0
194.0,38.8,48.0,0.0,2.0,0.0,0.0,0.0,0.0,38.0,106.0,50.0,5.0,10.0,1.0,15.0,0.07731958762886598,0.0,0.0,0.0,9.6,0.25773195876288657,0.5463917525773195,0.1958762886597938,5.0,0
326.0,65.2,49.0,0.0,0.0,0.0,0.0,0.0,0.0,38.0,239.0,49.0,5.0,8.0,1.0,10.0,0.03067484662576687,0.0,0.0,0.0,9.8,0.15030674846625766,0.7331288343558282,0.1165644171779141,5.0,0
579.0,115.8,49.0,0.0,0.0,0.0,0.0,0.0,0.0,63.0,466.0,50.0,10.0,19.0,1.0,11.0,0.018998272884283247,0.0,0.0,0.0,9.8,0.08635578583765112,0.8048359240069085,0.10880829015544041,10.0,0
7988.0,1597.6,49.0,0.0,0.0,0.0,0.0,0.0,0.0,1543.0,6393.0,52.0,25.0,30.0,12.0,7.0,0.0008763144717075614,0.0,0.0,0.0,9.8,0.006509764646970456,0.8003254882323485,0.19316474712068102,2.0833333333333335,0
21411.0,4282.2,49.0,0.0,0.0,0.0,0.0,0.0,0.0,3735.0,17624.0,52.0,42.0,49.0,32.0,55.0,0.0025687730605763394,0.0,0.0,0.0,9.8,0.0024286581663630845,0.8231282985381346,0.1744430432955023,1.3125,0
1936.0,387.2,2.0,0.0,0.0,0.0,0.0,0.0,0.0,412.0,1522.0,2.0,10.0,14.0,2.0,3.0,0.0015495867768595042,0.0,0.0,0.0,0.4,0.0010330578512396695,0.7861570247933884,0.2128099173553719,5.0,0
17549.0,3509.8,43.0,81.0,27.0,0.0,8.0,858.0,0.0,7229.0,9201.0,1119.0,36.0,46.0,14.0,1812.0,0.1032537466522309,1.6,171.6,0.0,8.6,0.06376431705510285,0.5243033791099208,0.41193230383497637,2.5714285714285716,1
17822.0,3564.4,48.0,16.0,10.0,4.0,0.0,1175.0,0.0,5062.0,11496.0,1264.0,43.0,57.0,18.0,443.0,0.02485691841544159,0.0,235.0,0.0,9.6,0.07092357760071821,0.6450454494445068,0.284030972954775,2.388888888888889,1
11785.0,2357.0,48.0,2.0,2.0,2.0,0.0,1195.0,0.0,2421.0,8080.0,1284.0,26.0,31.0,7.0,185.0,0.015697921086126432,0.0,239.0,0.0,9.6,0.10895205770046669,0.6856173101400085,0.2054306321595248,3.7142857142857144,1
2844.0,568.8,15.0,0.0,0.0,0.0,0.0,387.0,0.0,180.0,1551.0,1113.0,11.0,11.0,2.0,147.0,0.05168776371308017,0.0,77.4,0.0,3.0,0.39135021097046413,0.5453586497890295,0.06329113924050633,5.5,1
50000.0,10000.0,45.0,39.0,18.0,0.0,0.0,10846.0,0.0,5636.0,22954.0,21410.0,21.0,18.0,3.0,760.0,0.0152,0.0,2169.2,0.0,9.0,0.4282,0.45908,0.11272,7.0,1
14930.0,2986.0,40.0,0.0,0.0,0.0,334.0,815.0,0.0,5051.0,8664.0,1215.0,19.0,29.0,9.0,264.0,0.01768251841929002,66.8,163.0,0.0,8.0,0.08137977227059612,0.5803081044876088,0.33831212324179505,2.111111111111111,1
7248.0,1449.6,46.0,48.0,48.0,4.0,0.0,1212.0,4.0,1580.0,4284.0,1384.0,20.0,22.0,4.0,122.0,0.01683222958057395,0.0,242.4,0.8,9.2,0.19094922737306844,0.5910596026490066,0.21799116997792495,5.0,1
4962.0,992.4,49.0,623.0,624.0,26.0,0.0,1247.0,26.0,153.0,2213.0,2596.0,10.0,16.0,2.0,1.0,0.00020153164046755341,0.0,249.4,5.2,9.8,0.5231761386537687,0.4459895203546957,0.03083434099153567,5.0,1
10356.0,2071.2,48.0,124.0,124.0,8.0,1167.0,1420.0,5.0,506.0,4920.0,4930.0,14.0,19.0,2.0,925.0,0.08932020084974894,233.4,284.0,1.0,9.6,0.4760525299343376,0.47508690614136734,0.048860563924295095,7.0,1
6923.0,1384.6,49.0,6.0,6.0,47.0,686.0,718.0,47.0,188.0,2939.0,3796.0,10.0,15.0,5.0,976.0,0.14097934421493571,137.2,143.6,9.4,9.8,0.5483172035244837,0.4245269391882132,0.027155857287303194,2.0,1
1241.0,248.2,49.0,16.0,18.0,18.0,203.0,356.0,13.0,30.0,510.0,701.0,9.0,12.0,1.0,320.0,0.257856567284448,40.6,71.2,2.6,9.8,0.564867042707494,0.410958904109589,0.024174053182917002,9.0,1
4340.0,868.0,19.0,4.0,5.0,0.0,47.0,1427.0,0.0,4.0,1525.0,2811.0,4.0,6.0,1.0,129.0,0.029723502304147466,9.4,285.4,0.0,3.8,0.6476958525345622,0.3513824884792627,0.0009216589861751152,4.0,1
11962.0,2392.4,41.0,0.0,0.0,6.0,0.0,835.0,6.0,2576.0,8405.0,981.0,24.0,27.0,16.0,115.0,0.009613776960374519,0.0,167.0,1.2,8.2,0.0820096973750209,0.7026416987125899,0.21534860391238922,1.5,1
25861.0,5172.2,48.0,175.0,176.0,14.0,0.0,901.0,14.0,10185.0,14182.0,1494.0,60.0,77.0,42.0,962.0,0.037198870886663314,0.0,180.2,2.8,9.6,0.0577703878426975,0.5483933335911217,0.39383627856618075,1.4285714285714286,1
12177.0,2435.4,21.0,161.0,175.0,4.0,0.0,396.0,4.0,4004.0,7395.0,778.0,43.0,62.0,35.0,263.0,0.021598094768826476,0.0,79.2,0.8,4.2,0.06389094193972243,0.6072924365607293,0.3288166214995483,1.2285714285714286,1
24592.0,4918.4,46.0,140.0,147.0,14.0,0.0,927.0,14.0,7103.0,14578.0,2911.0,30.0,40.0,15.0,699.0,0.02842387768379961,0.0,185.4,2.8,9.2,0.11837182823682499,0.5927944046844502,0.28883376707872477,2.0,1
22696.0,4539.2,47.0,24.0,14.0,17.0,0.0,934.0,15.0,13641.0,7864.0,1191.0,33.0,59.0,14.0,2700.0,0.11896369404300318,0.0,186.8,3.0,9.4,0.0524762072611914,0.34649277405710255,0.601031018681706,2.357142857142857,1
2711.0,542.2,15.0,14.0,8.0,0.0,0.0,390.0,0.0,891.0,1380.0,440.0,12.0,20.0,3.0,75.0,0.02766506824050166,0.0,78.0,0.0,3.0,0.16230173367760975,0.5090372556252305,0.3286610106971597,4.0,1
6263.0,1252.6,43.0,0.0,0.0,2.0,0.0,1079.0,0.0,708.0,3513.0,2042.0,13.0,23.0,2.0,328.0,0.052371068178189366,0.0,215.8,0.0,8.6,0.32604183298738626,0.5609133003353026,0.11304486667731119,6.5,1
11488.0,2297.6,49.0,2.0,5.0,4.0,0.0,1197.0,0.0,1585.0,5926.0,3977.0,27.0,41.0,12.0,954.0,0.08304317548746518,0.0,239.4,0.0,9.8,0.3461873259052925,0.5158426183844012,0.1379700557103064,2.25,1
8936.0,1787.2,48.0,0.0,0.0,8.0,0.0,1090.0,6.0,1806.0,5802.0,1328.0,33.0,35.0,19.0,28.0,0.003133393017009848,0.0,218.0,1.2,9.6,0.1486123545210385,0.6492837958818263,0.20210384959713518,1.736842105263158,1
3970.0,794.0,49.0,0.0,0.0,46.0,0.0,1287.0,46.0,148.0,2084.0,1738.0,8.0,16.0,1.0,29.0,0.007304785894206549,0.0,257.4,9.2,9.8,0.43778337531486144,0.5249370277078086,0.03727959697732997,8.0,1
4130.0,826.0,48.0,11.0,9.0,47.0,1.0,1224.0,46.0,333.0,1997.0,1800.0,14.0,20.0,3.0,75.0,0.018159806295399514,0.2,244.8,9.2,9.6,0.4358353510895884,0.4835351089588378,0.08062953995157385,4.666666666666667,1
15213.0,3042.6,20.0,5.0,1.0,4.0,0.0,296.0,4.0,7460.0,7422.0,331.0,61.0,56.0,55.0,128.0,0.008413856570038783,0.0,59.2,0.8,4.0,0.021757707224084665,0.4878722145533425,0.4903700782225728,1.1090909090909091,1
19067.0,3813.4,47.0,3.0,2.0,0.0,0.0,864.0,0.0,7660.0,9794.0,1613.0,73.0,67.0,57.0,436.0,0.022866733099071695,0.0,172.8,0.0,9.4,0.0845964231394556,0.5136623485603399,0.40174122830020453,1.280701754385965,1
29900.0,5980.0,48.0,8.0,4.0,0.0,0.0,5461.0,0.0,5303.0,14161.0,10436.0,25.0,23.0,5.0,437.0,0.014615384615384615,0.0,1092.2,0.0,9.6,0.34903010033444815,0.4736120401337793,0.17735785953177258,5.0,1
1033.0,206.6,1.0,0.0,0.0,0.0,0.0,258.0,0.0,1.0,513.0,519.0,3.0,4.0,1.0,4.0,0.003872216844143272,0.0,51.6,0.0,0.2,0.5024201355275896,0.49661181026137463,0.000968054211035818,3.0,1
41129.0,8225.8,41.0,12.0,4.0,0.0,0.0,6537.0,0.0,11790.0,16738.0,12601.0,34.0,47.0,28.0,382.0,0.009287850421843468,0.0,1307.4,0.0,8.2,0.3063774951980355,0.4069634564419266,0.2866590483600379,1.2142857142857142,1
8871.0,1774.2,10.0,0.0,0.0,0.0,0.0,663.0,0.0,4614.0,3123.0,1134.0,21.0,21.0,17.0,38.0,0.004283620786833502,0.0,132.6,0.0,2.0,0.1278322624281366,0.35204599256002705,0.5201217450118363,1.2352941176470589,1
23721.0,4744.2,47.0,0.0,0.0,0.0,2.0,3877.0,0.0,6404.0,10403.0,6914.0,37.0,31.0,24.0,107.0,0.004510771046751823,0.4,775.4,0.0,9.4,0.2914716917499262,0.4385565532650394,0.26997175498503434,1.5416666666666667,1
16209.0,3241.8,49.0,6.0,6.0,0.0,489.0,3017.0,0.0,1275.0,9302.0,5632.0,22.0,20.0,15.0,58.0,0.00357825899191807,97.8,603.4,0.0,9.8,0.3474612869393547,0.5738787093589981,0.07866000370164723,1.4666666666666666,1
10070.0,2014.0,37.0,11.0,11.0,2.0,437.0,881.0,0.0,2779.0,5904.0,1387.0,13.0,26.0,4.0,159.0,0.015789473684210527,87.4,176.2,0.0,7.4,0.13773584905660377,0.5862959285004965,0.2759682224428997,3.25,1
14313.0,2862.6,47.0,13.0,16.0,11.0,203.0,4264.0,0.0,47.0,5690.0,8576.0,12.0,17.0,1.0,354.0,0.024732760427583315,40.6,852.8,0.0,9.4,0.5991755746524139,0.3975406972682177,0.0032837280793684065,12.0,1
15123.0,3024.6,49.0,40.0,26.0,4.0,148.0,3980.0,0.0,30.0,7129.0,7964.0,10.0,13.0,1.0,342.0,0.02261456060305495,29.6,796.0,0.0,9.8,0.5266150895986246,0.4714011770151425,0.0019837333862328904,10.0,1
4451.0,890.2,49.0,19.0,19.0,6.0,187.0,408.0,0.0,17.0,1663.0,2771.0,6.0,10.0,1.0,589.0,0.13232981352505055,37.4,81.6,0.0,9.8,0.6225567288249831,0.3736239047405078,0.003819366434509099,6.0,1
16113.0,3222.6,18.0,8.0,12.0,0.0,52.0,17.0,0.0,6.0,7210.0,8897.0,5.0,8.0,1.0,1382.0,0.08576925463911128,10.4,3.4,0.0,3.6,0.5521628498727735,0.44746477999131135,0.0003723701359150996,5.0,1
24347.0,4869.4,40.0,1.0,2.0,4.0,448.0,563.0,0.0,130.0,11291.0,12926.0,6.0,9.0,2.0,1765.0,0.0724935310305171,89.6,112.6,0.0,8.0,0.5309072986404896,0.46375323448474143,0.005339466874768966,3.0,1
4885.0,977.0,48.0,4.0,7.0,4.0,914.0,1379.0,0.0,139.0,1811.0,2935.0,5.0,10.0,2.0,96.0,0.019651995905834187,182.8,275.8,0.0,9.6,0.6008188331627431,0.3707267144319345,0.028454452405322416,2.5,1
3245.0,649.0,48.0,8.0,8.0,0.0,415.0,1202.0,0.0,14.0,1195.0,2036.0,6.0,9.0,1.0,47.0,0.01448382126348228,83.0,240.4,0.0,9.6,0.6274268104776579,0.3682588597842835,0.004314329738058551,6.0,1
2522.0,504.4,49.0,13.0,14.0,4.0,257.0,1298.0,0.0,72.0,809.0,1641.0,6.0,10.0,2.0,94.0,0.03727200634417129,51.4,259.6,0.0,9.8,0.6506740681998414,0.3207771609833466,0.028548770816812053,3.0,1
15001.0,3000.2,34.0,0.0,0.0,0.0,81.0,518.0,0.0,15.0,6877.0,8109.0,3.0,5.0,1.0,61.0,0.004066395573628425,16.2,103.6,0.0,6.8,0.5405639624025065,0.45843610425971604,0.0009999333377774815,3.0,1
63.0,12.6,44.0,6.0,5.0,0.0,0.0,0.0,0.0,8.0,0.0,55.0,4.0,5.0,1.0,0.0,0.0,0.0,0.0,0.0,8.8,0.873015873015873,0.0,0.12698412698412698,4.0,0
70.0,14.0,49.0,1.0,10.0,0.0,0.0,0.0,0.0,10.0,0.0,60.0,4.0,5.0,1.0,0.0,0.0,0.0,0.0,0.0,9.8,0.8571428571428571,0.0,0.14285714285714285,4.0,0
766.0,153.2,46.0,2.0,4.0,4.0,0.0,2.0,0.0,149.0,527.0,90.0,9.0,18.0,1.0,12.0,0.015665796344647518,0.0,0.4,0.0,9.2,0.1174934725848564,0.6879895561357703,0.19451697127937337,9.0,0
303.0,60.6,49.0,5.0,5.0,2.0,0.0,2.0,0.0,74.0,155.0,74.0,6.0,12.0,1.0,3.0,0.009900990099009901,0.0,0.4,0.0,9.8,0.24422442244224424,0.5115511551155115,0.24422442244224424,6.0,0
439.0,87.8,48.0,0.0,2.0,0.0,0.0,0.0,0.0,91.0,297.0,51.0,5.0,10.0,1.0,1.0,0.002277904328018223,0.0,0.0,0.0,9.6,0.11617312072892938,0.6765375854214123,0.2072892938496583,5.0,0
196.0,39.2,49.0,0.0,0.0,0.0,2.0,0.0,0.0,16.0,129.0,51.0,4.0,6.0,1.0,1.0,0.00510204081632653,0.4,0.0,0.0,9.8,0.2602040816326531,0.6581632653061225,0.08163265306122448,4.0,0
322.0,64.4,49.0,6.0,18.0,2.0,0.0,0.0,0.0,67.0,172.0,83.0,8.0,15.0,1.0,8.0,0.024844720496894408,0.0,0.0,0.0,9.8,0.2577639751552795,0.5341614906832298,0.2080745341614907,8.0,0
526.0,105.2,49.0,12.0,9.0,0.0,0.0,0.0,0.0,63.0,393.0,70.0,7.0,11.0,1.0,2.0,0.0038022813688212928,0.0,0.0,0.0,9.8,0.13307984790874525,0.747148288973384,0.11977186311787072,7.0,0
155.0,31.0,49.0,13.0,7.0,2.0,0.0,0.0,0.0,12.0,70.0,73.0,7.0,7.0,1.0,1.0,0.0064516129032258064,0.0,0.0,0.0,9.8,0.47096774193548385,0.45161290322580644,0.07741935483870968,7.0,0
151.0,30.2,49.0,0.0,0.0,0.0,0.0,1.0,0.0,35.0,61.0,55.0,8.0,7.0,1.0,2.0,0.013245033112582781,0.0,0.2,0.0,9.8,0.36423841059602646,0.40397350993377484,0.23178807947019867,8.0,0
655.0,131.0,48.0,0.0,2.0,2.0,0.0,2.0,0.0,141.0,452.0,62.0,9.0,23.0,1.0,10.0,0.015267175572519083,0.0,0.4,0.0,9.6,0.09465648854961832,0.6900763358778625,0.2152671755725191,9.0,0
350.0,70.0,49.0,0.0,0.0,0.0,0.0,0.0,0.0,67.0,229.0,54.0,6.0,13.0,1.0,3.0,0.008571428571428572,0.0,0.0,0.0,9.8,0.15428571428571428,0.6542857142857142,0.19142857142857142,6.0,0
506.0,101.2,49.0,0.0,2.0,0.0,0.0,0.0,0.0,81.0,372.0,53.0,7.0,19.0,1.0,1.0,0.001976284584980237,0.0,0.0,0.0,9.8,0.10474308300395258,0.7351778656126482,0.1600790513833992,7.0,0
166.0,33.2,49.0,0.0,0.0,0.0,0.0,0.0,0.0,20.0,97.0,49.0,8.0,10.0,1.0,1.0,0.006024096385542169,0.0,0.0,0.0,9.8,0.29518072289156627,0.5843373493975904,0.12048192771084337,8.0,0
168.0,33.6,49.0,0.0,0.0,0.0,0.0,0.0,0.0,18.0,100.0,50.0,5.0,8.0,1.0,6.0,0.03571428571428571,0.0,0.0,0.0,9.8,0.2976190476190476,0.5952380952380952,0.10714285714285714,5.0,0
68.0,13.6,48.0,1.0,1.0,0.0,0.0,0.0,0.0,8.0,3.0,57.0,4.0,6.0,1.0,7.0,0.10294117647058823,0.0,0.0,0.0,9.6,0.8382352941176471,0.04411764705882353,0.11764705882352941,4.0,0
136.0,27.2,49.0,0.0,0.0,2.0,0.0,0.0,0.0,43.0,36.0,57.0,6.0,8.0,1.0,4.0,0.029411764705882353,0.0,0.0,0.0,9.8,0.41911764705882354,0.2647058823529412,0.3161764705882353,6.0,0
99.0,19.8,49.0,1.0,1.0,2.0,0.0,0.0,0.0,15.0,29.0,55.0,6.0,8.0,1.0,0.0,0.0,0.0,0.0,0.0,9.8,0.5555555555555556,0.29292929292929293,0.15151515151515152,6.0,0
259.0,51.8,49.0,42.0,17.0,0.0,0.0,0.0,0.0,60.0,86.0,113.0,9.0,12.0,1.0,3.0,0.011583011583011582,0.0,0.0,0.0,9.8,0.4362934362934363,0.33204633204633205,0.23166023166023167,9.0,0
620.0,124.0,47.0,13.0,2.0,2.0,0.0,0.0,0.0,168.0,384.0,68.0,8.0,21.0,1.0,12.0,0.01935483870967742,0.0,0.0,0.0,9.4,0.10967741935483871,0.6193548387096774,0.2709677419354839,8.0,0
998.0,199.6,49.0,0.0,0.0,2.0,0.0,0.0,0.0,156.0,778.0,64.0,7.0,20.0,1.0,37.0,0.03707414829659319,0.0,0.0,0.0,9.8,0.06412825651302605,0.779559118236473,0.156312625250501,7.0,0
701.0,140.2,47.0,0.0,0.0,0.0,0.0,0.0,0.0,98.0,552.0,51.0,8.0,21.0,1.0,6.0,0.008559201141226819,0.0,0.0,0.0,9.4,0.07275320970042796,0.7874465049928673,0.1398002853067047,8.0,0
1100.0,220.0,49.0,0.0,0.0,0.0,0.0,0.0,0.0,101.0,949.0,50.0,8.0,16.0,1.0,5.0,0.004545454545454545,0.0,0.0,0.0,9.8,0.045454545454545456,0.8627272727272727,0.09181818181818181,8.0,0
375.0,75.0,49.0,1.0,1.0,2.0,0.0,0.0,0.0,175.0,143.0,57.0,8.0,10.0,2.0,6.0,0.016,0.0,0.0,0.0,9.8,0.152,0.38133333333333336,0.4666666666666667,4.0,0
134.0,26.8,48.0,0.0,0.0,0.0,0.0,0.0,0.0,22.0,63.0,49.0,7.0,13.0,1.0,14.0,0.1044776119402985,0.0,0.0,0.0,9.6,0.3656716417910448,0.4701492537313433,0.16417910447761194,7.0,0
151.0,30.2,49.0,0.0,0.0,0.0,0.0,0.0,0.0,27.0,75.0,49.0,9.0,14.0,1.0,6.0,0.039735099337748346,0.0,0.0,0.0,9.8,0.32450331125827814,0.4966887417218543,0.17880794701986755,9.0,0
87.0,17.4,48.0,0.0,0.0,0.0,0.0,0.0,0.0,19.0,20.0,48.0,5.0,10.0,1.0,8.0,0.09195402298850575,0.0,0.0,0.0,9.6,0.5517241379310345,0.22988505747126436,0.21839080459770116,5.0,0
81.0,16.2,48.0,0.0,0.0,0.0,0.0,0.0,0.0,9.0,24.0,48.0,4.0,6.0,1.0,6.0,0.07407407407407407,0.0,0.0,0.0,9.6,0.5925925925925926,0.2962962962962963,0.1111111111111111,4.0,0
153.0,30.6,49.0,0.0,2.0,0.0,0.0,0.0,0.0,21.0,81.0,51.0,9.0,13.0,1.0,13.0,0.08496732026143791,0.0,0.0,0.0,9.8,0.3333333333333333,0.5294117647058824,0.13725490196078433,9.0,0
103.0,20.6,49.0,0.0,0.0,0.0,0.0,0.0,0.0,13.0,41.0,49.0,5.0,8.0,1.0,5.0,0.04854368932038835,0.0,0.0,0.0,9.8,0.47572815533980584,0.39805825242718446,0.1262135922330097,5.0,0
429.0,85.8,49.0,0.0,0.0,0.0,0.0,0.0,0.0,85.0,295.0,49.0,8.0,11.0,1.0,8.0,0.018648018648018648,0.0,0.0,0.0,9.8,0.11421911421911422,0.6876456876456877,0.19813519813519814,8.0,0
266.0,53.2,49.0,0.0,0.0,0.0,0.0,0.0,0.0,18.0,199.0,49.0,9.0,11.0,1.0,5.0,0.018796992481203006,0.0,0.0,0.0,9.8,0.18421052631578946,0.7481203007518797,0.06766917293233082,9.0,0
244.0,48.8,49.0,0.0,0.0,0.0,0.0,0.0,0.0,47.0,148.0,49.0,8.0,11.0,1.0,39.0,0.1598360655737705,0.0,0.0,0.0,9.8,0.20081967213114754,0.6065573770491803,0.19262295081967212,8.0,0
146.0,29.2,48.0,0.0,0.0,0.0,0.0,0.0,0.0,19.0,79.0,48.0,8.0,10.0,1.0,7.0,0.04794520547945205,0.0,0.0,0.0,9.6,0.3287671232876712,0.541095890410959,0.13013698630136986,8.0,0
169.0,33.8,48.0,0.0,0.0,0.0,0.0,0.0,0.0,53.0,67.0,49.0,4.0,9.0,1.0,25.0,0.14792899408284024,0.0,0.0,0.0,9.6,0.28994082840236685,0.39644970414201186,0.3136094674556213,4.0,0
82.0,16.4,49.0,0.0,0.0,0.0,0.0,0.0,0.0,7.0,26.0,49.0,5.0,6.0,1.0,15.0,0.18292682926829268,0.0,0.0,0.0,9.8,0.5975609756097561,0.3170731707317073,0.08536585365853659,5.0,0
5859.0,1171.8,49.0,0.0,0.0,0.0,0.0,0.0,0.0,2655.0,3149.0,55.0,7.0,19.0,1.0,295.0,0.05034988905956648,0.0,0.0,0.0,9.8,0.00938726745178358,0.5374637310121181,0.45314900153609833,7.0,0
13889.0,2777.8,49.0,0.0,0.0,0.0,0.0,0.0,0.0,6824.0,7015.0,50.0,31.0,42.0,14.0,780.0,0.05615955072359421,0.0,0.0,0.0,9.8,0.0035999712002303982,0.5050759593923249,0.4913240694074447,2.2142857142857144,0
19015.0,3803.0,38.0,0.0,0.0,0.0,0.0,0.0,0.0,10135.0,8840.0,40.0,35.0,38.0,12.0,662.0,0.03481462003681304,0.0,0.0,0.0,7.6,0.002103602419142782,0.46489613463055485,0.5330002629503023,2.9166666666666665,0
14478.0,2895.6,47.0,0.0,0.0,0.0,0.0,0.0,169.0,5001.0,8831.0,646.0,26.0,32.0,11.0,120.0,0.008288437629506838,0.0,0.0,33.8,9.4,0.04461942257217848,0.6099599392181241,0.3454206382096975,2.3636363636363638,1
5124.0,1024.8,49.0,0.0,0.0,0.0,0.0,0.0,167.0,911.0,3579.0,634.0,23.0,19.0,8.0,55.0,0.010733801717408275,0.0,0.0,33.4,9.8,0.12373145979703357,0.6984777517564403,0.17779078844652615,2.875,1
15768.0,3153.6,49.0,0.0,0.0,0.0,0.0,0.0,159.0,5895.0,9353.0,520.0,31.0,42.0,8.0,448.0,0.028411973617453068,0.0,0.0,31.8,9.8,0.03297818366311517,0.5931633688483003,0.3738584474885845,3.875,1
11640.0,2328.0,49.0,1.0,1.0,0.0,0.0,1.0,426.0,4271.0,6459.0,910.0,34.0,46.0,16.0,671.0,0.05764604810996564,0.0,0.2,85.2,9.8,0.0781786941580756,0.5548969072164949,0.3669243986254295,2.125,1
2990.0,598.0,27.0,0.0,0.0,2.0,0.0,0.0,333.0,770.0,1517.0,703.0,14.0,22.0,1.0,896.0,0.29966555183946486,0.0,0.0,66.6,5.4,0.23511705685618728,0.5073578595317726,0.25752508361204013,14.0,1
18390.0,3678.0,39.0,0.0,0.0,0.0,0.0,0.0,169.0,8548.0,9196.0,646.0,20.0,31.0,7.0,956.0,0.051984774333877104,0.0,0.0,33.8,7.8,0.03512778684067428,0.5000543773790104,0.4648178357803154,2.857142857142857,1
14281.0,2856.2,49.0,1.0,1.0,0.0,0.0,1.0,189.0,3273.0,10144.0,864.0,21.0,25.0,4.0,244.0,0.017085638260626007,0.0,0.2,37.8,9.8,0.06049996498844619,0.7103144037532386,0.22918563125831523,5.25,1
13932.0,2786.4,48.0,0.0,0.0,1.0,0.0,0.0,171.0,6813.0,6417.0,702.0,28.0,31.0,7.0,2215.0,0.15898650588573068,0.0,0.0,34.2,9.6,0.050387596899224806,0.46059431524547806,0.48901808785529716,4.0,1
3397.0,679.4,12.0,0.0,0.0,0.0,0.0,0.0,40.0,710.0,2585.0,102.0,25.0,29.0,9.0,8.0,0.0023550191345304682,0.0,0.0,8.0,2.4,0.030026493965263468,0.7609655578451575,0.20900794818957905,2.7777777777777777,1
21506.0,4301.2,46.0,0.0,0.0,0.0,0.0,0.0,0.0,4517.0,16943.0,46.0,20.0,23.0,2.0,404.0,0.01878545522179857,0.0,0.0,0.0,9.2,0.0021389379707988467,0.7878266530270622,0.21003440900213893,10.0,0
20937.0,4187.4,49.0,0.0,0.0,0.0,0.0,0.0,0.0,6850.0,14037.0,50.0,19.0,21.0,2.0,687.0,0.03281272388594354,0.0,0.0,0.0,9.8,0.0023881167311458184,0.6704398911018771,0.3271719921669771,9.5,0
7557.0,1511.4,36.0,0.0,0.0,0.0,0.0,0.0,73.0,851.0,4442.0,2264.0,13.0,22.0,2.0,96.0,0.012703453751488685,0.0,0.0,14.6,7.2,0.2995897843059415,0.5877993912928411,0.11261082440121742,6.5,1
15403.0,3080.6,40.0,0.0,0.0,0.0,0.0,0.0,332.0,4633.0,9870.0,900.0,21.0,23.0,5.0,537.0,0.034863338310718694,0.0,0.0,66.4,8.0,0.058430175939752,0.6407842628059469,0.3007855612543011,4.2,1
20314.0,4062.8,49.0,0.0,0.0,0.0,0.0,0.0,359.0,7081.0,12216.0,1017.0,31.0,46.0,12.0,738.0,0.03632962488923895,0.0,0.0,71.8,9.8,0.05006399527419514,0.6013586688982967,0.3485773358275081,2.5833333333333335,1
14283.0,2856.6,21.0,0.0,0.0,0.0,0.0,0.0,135.0,5686.0,8210.0,387.0,20.0,19.0,4.0,1009.0,0.07064342225022754,0.0,0.0,27.0,4.2,0.027095148078134845,0.5748092137506127,0.39809563817125254,5.0,1
28777.0,5755.4,44.0,0.0,0.0,0.0,0.0,0.0,158.0,10477.0,17905.0,395.0,30.0,40.0,12.0,1762.0,0.06122945407790944,0.0,0.0,31.6,8.8,0.013726239705320222,0.6221982833512875,0.3640754769433923,2.5,1
20873.0,4174.6,49.0,0.0,0.0,4.0,0.0,48.0,175.0,6063.0,14328.0,482.0,31.0,32.0,7.0,506.0,0.024241843529919035,0.0,9.6,35.0,9.8,0.02309203276960667,0.6864370239064821,0.29047094332391127,4.428571428571429,1
349.0,69.8,6.0,5.0,5.0,2.0,0.0,1.0,18.0,63.0,212.0,74.0,12.0,18.0,1.0,1.0,0.0028653295128939827,0.0,0.2,3.6,1.2,0.21203438395415472,0.6074498567335244,0.18051575931232092,12.0,1
23743.0,4748.6,43.0,0.0,0.0,2.0,0.0,0.0,153.0,7610.0,15500.0,633.0,21.0,33.0,8.0,221.0,0.00930800657035758,0.0,0.0,30.6,8.6,0.026660489407404286,0.652823990228699,0.32051552036389674,2.625,1
23288.0,4657.6,48.0,0.0,0.0,0.0,0.0,0.0,177.0,7893.0,14659.0,736.0,22.0,33.0,11.0,100.0,0.004294057025077293,0.0,0.0,35.4,9.6,0.03160425970456888,0.6294658193060804,0.33892992098935076,2.0,1
2969.0,593.8,6.0,0.0,0.0,0.0,0.0,0.0,28.0,340.0,2517.0,112.0,11.0,14.0,1.0,16.0,0.005389019872010778,0.0,0.0,5.6,1.2,0.037723139104075445,0.8477601886156956,0.11451667228022903,11.0,1
17838.0,3567.6,41.0,0.0,0.0,0.0,0.0,0.0,136.0,5721.0,11561.0,556.0,26.0,35.0,10.0,283.0,0.015865007287812535,0.0,0.0,27.2,8.2,0.031169413611391413,0.6481107747505326,0.320719811638076,2.6,1
17865.0,3573.0,48.0,0.0,0.0,0.0,0.0,0.0,170.0,5741.0,11409.0,715.0,36.0,36.0,13.0,547.0,0.03061852784774699,0.0,0.0,34.0,9.6,0.04002239014833473,0.6386230058774139,0.3213546039742513,2.769230769230769,1
14297.0,2859.4,39.0,0.0,0.0,0.0,0.0,0.0,135.0,5379.0,8353.0,565.0,27.0,38.0,12.0,928.0,0.06490872210953347,0.0,0.0,27.0,7.8,0.0395187801636707,0.5842484437294537,0.37623277610687555,2.25,1
19321.0,3864.2,44.0,0.0,0.0,0.0,0.0,0.0,159.0,6660.0,12007.0,654.0,21.0,26.0,3.0,546.0,0.02825940686299881,0.0,0.0,31.8,8.8,0.033849179649086486,0.6214481652088402,0.3447026551420734,7.0,1
29914.0,5982.8,49.0,0.0,0.0,0.0,0.0,0.0,206.0,12071.0,17108.0,735.0,25.0,29.0,7.0,1571.0,0.0525172160192552,0.0,0.0,41.2,9.8,0.024570435247710104,0.5719061309086046,0.4035234338436852,3.5714285714285716,1
765.0,153.0,1.0,0.0,0.0,0.0,0.0,0.0,2.0,332.0,416.0,17.0,7.0,8.0,2.0,7.0,0.009150326797385621,0.0,0.0,0.4,0.2,0.022222222222222223,0.5437908496732026,0.4339869281045752,3.5,1
26178.0,5235.6,47.0,0.0,0.0,0.0,0.0,0.0,357.0,8770.0,16390.0,1018.0,61.0,57.0,35.0,1184.0,0.045228818091527234,0.0,0.0,71.4,9.4,0.038887615555046225,0.6260982504393002,0.3350141340056536,1.7428571428571429,1
20885.0,4177.0,49.0,0.0,0.0,0.0,0.0,0.0,275.0,9026.0,10978.0,881.0,36.0,47.0,18.0,1389.0,0.06650706248503711,0.0,0.0,55.0,9.8,0.042183385204692364,0.5256404117787886,0.43217620301651904,2.0,1
2937.0,587.4,7.0,0.0,0.0,0.0,0.0,0.0,18.0,1759.0,1113.0,65.0,13.0,22.0,3.0,379.0,0.12904324140279197,0.0,0.0,3.6,1.4,0.022131426625808647,0.37895812053115424,0.5989104528430371,4.333333333333333,1
26008.0,5201.6,75.0,0.0,0.0,0.0,0.0,0.0,0.0,13130.0,12441.0,437.0,33.0,37.0,13.0,1115.0,0.04287142417717625,0.0,0.0,0.0,15.0,0.016802522300830514,0.47835281451860967,0.5048446631805599,2.5384615384615383,1
23992.0,4798.4,83.0,0.0,0.0,0.0,0.0,0.0,0.0,9773.0,13642.0,577.0,36.0,40.0,15.0,1327.0,0.055310103367789264,0.0,0.0,0.0,16.6,0.02404968322774258,0.5686062020673558,0.4073441147049016,2.4,1
19780.0,3956.0,77.0,0.0,2.0,0.0,0.0,0.0,0.0,5204.0,12883.0,1693.0,25.0,31.0,12.0,967.0,0.04888776541961577,0.0,0.0,0.0,15.4,0.08559150657229525,0.651314459049545,0.26309403437815976,2.0833333333333335,1
23174.0,4634.8,79.0,1.0,1.0,0.0,57.0,1.0,0.0,10724.0,12112.0,338.0,31.0,33.0,10.0,930.0,0.0401311814965047,11.4,0.2,0.0,15.8,0.014585311124536118,0.5226546992318978,0.46275998964356607,3.1,1
5320.0,1064.0,90.0,34.0,14.0,6.0,0.0,5.0,4.0,1094.0,3742.0,484.0,13.0,29.0,3.0,192.0,0.03609022556390978,0.0,1.0,0.8,18.0,0.09097744360902256,0.7033834586466166,0.2056390977443609,4.333333333333333,1
1726.0,345.2,13.0,16.0,4.0,0.0,0.0,0.0,0.0,830.0,836.0,60.0,11.0,14.0,1.0,341.0,0.19756662804171496,0.0,0.0,0.0,2.6,0.03476245654692932,0.4843568945538818,0.48088064889918886,11.0,1
28339.0,5667.8,79.0,0.0,0.0,0.0,0.0,0.0,0.0,13776.0,14204.0,359.0,23.0,27.0,5.0,1054.0,0.03719256148770246,0.0,0.0,0.0,15.8,0.012668054624369244,0.501217403578108,0.48611454179752284,4.6,1
15232.0,3046.4,87.0,10.0,10.0,0.0,0.0,0.0,0.0,6385.0,8493.0,354.0,25.0,27.0,6.0,91.0,0.0059742647058823525,0.0,0.0,0.0,17.4,0.023240546218487396,0.5575761554621849,0.4191832983193277,4.166666666666667,1
6429.0,1285.8,64.0,0.0,0.0,0.0,57.0,0.0,0.0,2015.0,4232.0,182.0,21.0,20.0,3.0,115.0,0.01788769637579717,11.4,0.0,0.0,12.8,0.028309223829522476,0.6582672266293358,0.3134235495411417,7.0,1
18609.0,3721.8,79.0,0.0,2.0,0.0,20.0,0.0,0.0,7194.0,10913.0,502.0,27.0,41.0,15.0,624.0,0.033532161857165885,4.0,0.0,0.0,15.8,0.026976194314578966,0.5864366704282874,0.3865871352571336,1.8,1
19785.0,3957.0,65.0,0.0,2.0,0.0,0.0,0.0,0.0,6041.0,12328.0,1416.0,88.0,94.0,47.0,677.0,0.03421784179934294,0.0,0.0,0.0,13.0,0.0715693707354056,0.6230983067980793,0.30533232246651504,1.872340425531915,1
5545.0,1109.0,30.0,0.0,1.0,0.0,0.0,0.0,0.0,1443.0,4071.0,31.0,21.0,23.0,4.0,200.0,0.03606853020739405,0.0,0.0,0.0,6.0,0.005590622182146078,0.7341749323715059,0.26023444544634805,5.25,0
13094.0,2618.8,71.0,15.0,29.0,0.0,2843.0,1.0,0.0,3988.0,5896.0,3210.0,22.0,17.0,11.0,284.0,0.021689323354208034,568.6,0.2,0.0,14.2,0.2451504505880556,0.45028257217045975,0.3045669772414846,2.0,1
8709.0,1741.8,86.0,43.0,88.0,0.0,2018.0,2.0,0.0,2380.0,3812.0,2517.0,10.0,14.0,4.0,212.0,0.02434263405672293,403.6,0.4,0.0,17.2,0.28901136755080953,0.43770811803881043,0.2732805144103801,2.5,1
10169.0,2033.8,87.0,11.0,23.0,0.0,1842.0,0.0,0.0,2828.0,5137.0,2204.0,23.0,22.0,9.0,287.0,0.028223030779821023,368.4,0.0,0.0,17.4,0.21673714229521093,0.5051627495328941,0.27810010817189496,2.5555555555555554,1
15511.0,3102.2,84.0,24.0,57.0,0.0,2923.0,0.0,0.0,5444.0,6940.0,3127.0,28.0,21.0,16.0,996.0,0.06421249435884212,584.6,0.0,0.0,16.8,0.20159886532138482,0.4474244084843015,0.3509767261943137,1.75,1
2517.0,503.4,6.0,7.0,11.0,0.0,374.0,0.0,0.0,1143.0,976.0,398.0,13.0,11.0,3.0,531.0,0.21096543504171633,74.8,0.0,0.0,1.2,0.15812475168851808,0.3877632101708383,0.4541120381406436,4.333333333333333,1
6248.0,1249.6,88.0,2.0,3.0,0.0,419.0,2.0,0.0,2804.0,2858.0,586.0,12.0,18.0,1.0,1394.0,0.22311139564660692,83.8,0.4,0.0,17.6,0.09379001280409731,0.45742637644046097,0.44878361075544176,12.0,1
19256.0,3851.2,85.0,0.0,0.0,0.0,2010.0,0.0,0.0,8460.0,8476.0,2320.0,13.0,23.0,2.0,1932.0,0.10033236393851268,402.0,0.0,0.0,17.0,0.12048192771084337,0.44017449106771916,0.43934358122143746,6.5,1
15154.0,3030.8,83.0,0.0,0.0,0.0,1194.0,0.0,0.0,5918.0,7884.0,1352.0,14.0,20.0,2.0,2099.0,0.1385112841493995,238.8,0.0,0.0,16.6,0.08921736835159035,0.5202586775768774,0.3905239540715323,7.0,1
9339.0,1867.8,39.0,0.0,0.0,0.0,912.0,0.0,0.0,3431.0,4837.0,1071.0,13.0,17.0,1.0,369.0,0.03951172502409252,182.4,0.0,0.0,7.8,0.11468037263090267,0.5179355391369526,0.36738408823214475,13.0,1
11884.0,2376.8,40.0,0.0,0.0,0.0,0.0,0.0,0.0,1180.0,10662.0,42.0,22.0,27.0,9.0,198.0,0.01666105688320431,0.0,0.0,0.0,8.0,0.0035341635812857625,0.8971726691349714,0.09929316728374285,2.4444444444444446,0
18505.0,3701.0,47.0,0.0,0.0,0.0,0.0,0.0,0.0,5646.0,12812.0,47.0,78.0,39.0,59.0,153.0,0.008268035666036207,0.0,0.0,0.0,9.4,0.0025398540934882465,0.6923534179951365,0.30510672791137533,1.3220338983050848,0
19611.0,3922.2,47.0,2.0,1.0,9.0,29.0,0.0,8.0,5547.0,13926.0,138.0,75.0,42.0,50.0,101.0,0.005150170822497578,5.8,0.0,1.6,9.4,0.007036867064402631,0.7101116720208046,0.28285146091479274,1.5,1
8213.0,1642.6,40.0,54.0,64.0,33.0,660.0,0.0,33.0,2610.0,3941.0,1662.0,34.0,32.0,20.0,708.0,0.08620479727261658,132.0,0.0,6.6,8.0,0.2023621088518203,0.4798490198465847,0.31778887130159506,1.7,0
6855.0,1371.0,47.0,80.0,94.0,2.0,1353.0,23.0,0.0,1578.0,2898.0,2379.0,13.0,12.0,1.0,407.0,0.05937272064186725,270.6,4.6,0.0,9.4,0.34704595185995624,0.42275711159737417,0.2301969365426696,13.0,0
8497.0,1699.4,46.0,46.0,79.0,3.0,738.0,1.0,3.0,3250.0,3691.0,1556.0,15.0,32.0,10.0,1794.0,0.21113334117923974,147.6,0.2,0.6,9.2,0.18312345533717783,0.43438860774390964,0.38248793691891253,1.5,0
15889.0,3177.8,62.0,2.0,7.0,3.0,825.0,0.0,0.0,7975.0,6717.0,1197.0,23.0,44.0,15.0,2928.0,0.1842784316193593,165.0,0.0,0.0,12.4,0.07533513751652086,0.42274529548744416,0.501919566996035,1.5333333333333334,1
10546.0,2109.2,29.0,0.0,0.0,0.0,94.0,0.0,0.0,6029.0,4316.0,201.0,32.0,37.0,17.0,2768.0,0.26246918262848473,18.8,0.0,0.0,5.8,0.019059358998672483,0.4092546937227385,0.571685947278589,1.8823529411764706,1
21258.0,4251.6,58.0,0.0,0.0,0.0,914.0,0.0,0.0,10844.0,9376.0,1038.0,37.0,38.0,14.0,3546.0,0.1668077900084674,182.8,0.0,0.0,11.6,0.048828676263053906,0.4410574842412268,0.5101138394957193,2.642857142857143,1
18188.0,3637.6,72.0,0.0,4.0,0.0,1114.0,0.0,0.0,9056.0,7877.0,1255.0,29.0,35.0,23.0,3066.0,0.16857268528700242,222.8,0.0,0.0,14.4,0.06900153947657796,0.43308775016494394,0.4979107103584781,1.2608695652173914,1
10554.0,2110.8,71.0,0.0,0.0,0.0,1056.0,0.0,0.0,4730.0,4660.0,1164.0,30.0,34.0,21.0,1459.0,0.13824142505211295,211.2,0.0,0.0,14.2,0.11028993746446845,0.44153875307940116,0.4481713094561304,1.4285714285714286,1
23975.0,4795.0,84.0,0.0,0.0,0.0,1204.0,0.0,0.0,10822.0,11795.0,1358.0,25.0,28.0,9.0,3346.0,0.13956204379562043,240.8,0.0,0.0,16.8,0.05664233576642336,0.491970802919708,0.4513868613138686,2.7777777777777777,1
25032.0,5006.4,76.0,0.0,8.0,0.0,759.0,0.0,0.0,13033.0,10991.0,1008.0,63.0,49.0,41.0,5312.0,0.2122083732821988,151.8,0.0,0.0,15.2,0.040268456375838924,0.43907798018536276,0.5206535634387983,1.5365853658536586,1
993.0,198.6,5.0,0.0,0.0,0.0,61.0,0.0,0.0,361.0,552.0,80.0,13.0,10.0,6.0,118.0,0.11883182275931521,12.2,0.0,0.0,1.0,0.08056394763343404,0.5558912386706949,0.3635448136958711,2.1666666666666665,1
15507.0,3101.4,73.0,0.0,0.0,0.0,1134.0,0.0,0.0,5933.0,8081.0,1493.0,47.0,36.0,30.0,2695.0,0.17379248081511575,226.8,0.0,0.0,14.6,0.09627909976139808,0.521119494421874,0.3826014058167279,1.5666666666666667,1
23444.0,4688.8,71.0,19.0,2.0,0.0,416.0,0.0,0.0,10526.0,12356.0,562.0,101.0,109.0,78.0,519.0,0.022137860433373145,83.2,0.0,0.0,14.2,0.023972018426889608,0.5270431666951032,0.4489848148780072,1.294871794871795,1
11049.0,2209.8,28.0,17.0,12.0,0.0,125.0,0.0,0.0,5368.0,5499.0,182.0,68.0,55.0,51.0,213.0,0.01927776269345642,25.0,0.0,0.0,5.6,0.016472078921169336,0.4976920988324735,0.48583582224635713,1.3333333333333333,1
25524.0,5104.8,64.0,37.0,24.0,0.0,877.0,0.0,0.0,9321.0,15190.0,1013.0,91.0,58.0,74.0,298.0,0.011675286005328318,175.4,0.0,0.0,12.8,0.0396881366556966,0.5951261557749569,0.3651857075693465,1.2297297297297298,1
15089.0,3017.8,87.0,0.0,0.0,0.0,2031.0,0.0,0.0,6785.0,5870.0,2434.0,19.0,21.0,12.0,1217.0,0.08065478162900126,406.2,0.0,0.0,17.4,0.16130956325800253,0.3890251176353635,0.449665319106634,1.5833333333333333,1
9387.0,1877.4,49.0,0.0,0.0,0.0,1242.0,0.0,0.0,4612.0,3399.0,1376.0,21.0,19.0,13.0,428.0,0.04559497176946841,248.4,0.0,0.0,9.8,0.1465857036326835,0.3620965164589326,0.49131777990838393,1.6153846153846154,1
22853.0,4570.6,64.0,28.0,58.0,0.0,789.0,0.0,0.0,13346.0,8434.0,1073.0,17.0,23.0,7.0,7215.0,0.3157134730669934,157.8,0.0,0.0,12.8,0.04695226009714261,0.3690543911083884,0.583993348794469,2.4285714285714284,1
27147.0,5429.4,60.0,22.0,43.0,0.0,4836.0,0.0,0.0,11059.0,11058.0,5030.0,65.0,53.0,39.0,3180.0,0.1171400154713228,967.2,0.0,0.0,12.0,0.18528750874866468,0.40733782738424135,0.407374663867094,1.6666666666666667,1
21800.0,4360.0,68.0,6.0,11.0,0.0,3394.0,0.0,0.0,8397.0,9584.0,3819.0,18.0,14.0,6.0,1400.0,0.06422018348623854,678.8,0.0,0.0,13.6,0.1751834862385321,0.43963302752293576,0.3851834862385321,3.0,1
28200.0,5640.0,68.0,0.0,0.0,0.0,2831.0,0.0,0.0,12824.0,12311.0,3065.0,28.0,25.0,15.0,1838.0,0.06517730496453901,566.2,0.0,0.0,13.6,0.10868794326241135,0.43656028368794325,0.45475177304964537,1.8666666666666667,1
37307.0,7461.4,83.0,31.0,43.0,0.0,2079.0,0.0,0.0,17005.0,17936.0,2366.0,18.0,21.0,2.0,810.0,0.021711743104511218,415.8,0.0,0.0,16.6,0.0634197335620661,0.48076768434878175,0.45581258208915215,9.0,1
12691.0,2538.2,63.0,14.0,21.0,0.0,1545.0,0.0,0.0,4771.0,6131.0,1789.0,11.0,19.0,1.0,1748.0,0.13773540304152548,309.0,0.0,0.0,12.6,0.1409660389252226,0.48309825860846267,0.3759357024663147,11.0,1
17238.0,3447.6,76.0,0.0,0.0,0.0,2122.0,0.0,0.0,6629.0,8307.0,2302.0,11.0,17.0,1.0,905.0,0.05250029005685114,424.4,0.0,0.0,15.2,0.13354217426615617,0.4819004524886878,0.38455737324515604,11.0,1
27265.0,5453.0,91.0,3.0,6.0,0.0,1986.0,0.0,0.0,12356.0,12667.0,2242.0,17.0,22.0,2.0,4046.0,0.14839537869062902,397.2,0.0,0.0,18.2,0.08222996515679443,0.4645883000183385,0.45318173482486707,8.5,1
5497.0,1099.4,22.0,0.0,0.0,0.0,97.0,2.0,0.0,3188.0,2183.0,126.0,8.0,12.0,1.0,1633.0,0.29707112970711297,19.4,0.4,0.0,4.4,0.022921593596507184,0.3971257049299618,0.5799527014735311,8.0,1
30055.0,6011.0,75.0,0.0,0.0,0.0,1382.0,0.0,0.0,14243.0,14292.0,1520.0,16.0,22.0,7.0,1532.0,0.05097321577108634,276.4,0.0,0.0,15.0,0.05057394776243553,0.47552819830311094,0.4738978539344535,2.2857142857142856,1
19943.0,3988.6,72.0,0.0,0.0,0.0,1467.0,0.0,0.0,9292.0,9094.0,1557.0,14.0,18.0,3.0,1396.0,0.06999949857092715,293.4,0.0,0.0,14.4,0.07807250664393521,0.45599959885674174,0.4659278944993231,4.666666666666667,1
23193.0,4638.6,47.0,0.0,0.0,0.0,992.0,0.0,0.0,12097.0,9598.0,1498.0,10.0,15.0,1.0,4293.0,0.1850989522700815,198.4,0.0,0.0,9.4,0.06458845341266761,0.4138317595826327,0.5215797870046996,10.0,1
34017.0,6803.4,87.0,15.0,19.0,0.0,7.0,0.0,0.0,18464.0,15418.0,135.0,68.0,76.0,32.0,2141.0,0.06293911867595614,1.4,0.0,0.0,17.4,0.003968603933327454,0.453243966252168,0.5427874298145046,2.125,1
15983.0,3196.6,49.0,0.0,0.0,0.0,0.0,0.0,0.0,5524.0,10410.0,49.0,26.0,31.0,10.0,276.0,0.017268347619345554,0.0,0.0,0.0,9.8,0.003065757367202653,0.6513170243383595,0.34561721829443787,2.6,1
31606.0,6321.2,74.0,0.0,0.0,0.0,0.0,0.0,0.0,14135.0,17397.0,74.0,23.0,34.0,11.0,790.0,0.02499525406568373,0.0,0.0,0.0,14.8,0.002341327596026071,0.5504334620008859,0.44722521040308805,2.090909090909091,1
18394.0,3678.8,46.0,0.0,0.0,0.0,0.0,0.0,0.0,10294.0,8053.0,47.0,30.0,35.0,10.0,1231.0,0.06692399695552897,0.0,0.0,0.0,9.2,0.00255518103729477,0.4378058062411656,0.5596390127215396,3.0,1
24675.0,4935.0,87.0,0.0,8.0,6.0,2.0,9.0,6.0,9714.0,14820.0,141.0,22.0,35.0,4.0,644.0,0.026099290780141844,0.4,1.8,1.2,17.4,0.005714285714285714,0.6006079027355623,0.39367781155015197,5.5,1
18679.0,3735.8,78.0,1.0,9.0,2.0,0.0,0.0,0.0,9354.0,9207.0,118.0,21.0,34.0,2.0,516.0,0.02762460517158306,0.0,0.0,0.0,15.6,0.006317254671020933,0.49290647250923497,0.5007762728197441,10.5,1
6646.0,1329.2,39.0,0.0,0.0,0.0,0.0,0.0,0.0,1899.0,4708.0,39.0,14.0,23.0,4.0,109.0,0.016400842612097503,0.0,0.0,0.0,7.8,0.0058681913933192895,0.7083960276858261,0.28573578092085467,3.5,1
9062.0,1812.4,90.0,4.0,13.0,0.0,0.0,0.0,0.0,3895.0,5060.0,107.0,24.0,31.0,7.0,622.0,0.06863826969763849,0.0,0.0,0.0,18.0,0.011807548002648422,0.5583756345177665,0.42981681747958506,3.4285714285714284,1
34190.0,6838.0,92.0,2.0,3.0,0.0,0.0,0.0,0.0,15015.0,19078.0,97.0,26.0,37.0,6.0,1238.0,0.03620941795846739,0.0,0.0,0.0,18.4,0.0028370868675051185,0.5579994150336356,0.4391634980988593,4.333333333333333,1
6748.0,1349.6,21.0,0.0,0.0,0.0,0.0,0.0,0.0,1288.0,5439.0,21.0,16.0,19.0,4.0,31.0,0.0045939537640782456,0.0,0.0,0.0,4.2,0.0031120331950207467,0.8060165975103735,0.1908713692946058,4.0,1
43535.0,8707.0,75.0,0.0,0.0,0.0,0.0,0.0,0.0,17284.0,26176.0,75.0,27.0,49.0,16.0,1563.0,0.03590214769725508,0.0,0.0,0.0,15.0,0.0017227518088893993,0.6012633513265189,0.3970138968645917,1.6875,1
6465.0,1293.0,12.0,2.0,2.0,0.0,0.0,0.0,0.0,2442.0,4007.0,16.0,18.0,27.0,5.0,93.0,0.014385150812064965,0.0,0.0,0.0,2.4,0.0024748646558391337,0.6197989172467131,0.3777262180974478,3.6,1
27204.0,5440.8,72.0,0.0,0.0,0.0,0.0,0.0,0.0,8555.0,18577.0,72.0,20.0,31.0,8.0,584.0,0.021467431260108808,0.0,0.0,0.0,14.4,0.002646669607410675,0.6828775180120571,0.3144758123805323,2.5,1
22796.0,4559.2,51.0,0.0,0.0,0.0,0.0,0.0,0.0,7987.0,14758.0,51.0,17.0,25.0,7.0,275.0,0.012063519915774697,0.0,0.0,0.0,10.2,0.002237234602561853,0.6473942796981926,0.3503684856992455,2.4285714285714284,1
44814.0,8962.8,71.0,33.0,51.0,0.0,0.0,6.0,0.0,22498.0,22055.0,261.0,20.0,32.0,7.0,868.0,0.01936894720399875,0.0,1.2,0.0,14.2,0.0058240728343821125,0.49214531173294057,0.5020306154326772,2.857142857142857,1
5186.0,1037.2,7.0,0.0,0.0,0.0,0.0,0.0,0.0,2684.0,2495.0,7.0,14.0,19.0,3.0,57.0,0.010991129965291169,0.0,0.0,0.0,1.4,0.001349787890474354,0.48110296953335907,0.5175472425761666,4.666666666666667,1
23156.0,4631.2,86.0,0.0,0.0,0.0,0.0,0.0,0.0,9616.0,13453.0,87.0,20.0,31.0,4.0,861.0,0.0371825876662636,0.0,0.0,0.0,17.2,0.0037571255830022455,0.5809725341164277,0.41527034030057003,5.0,1
26844.0,5368.8,72.0,2.0,3.0,0.0,0.0,0.0,0.0,14427.0,12340.0,77.0,22.0,28.0,3.0,2330.0,0.08679779466547459,0.0,0.0,0.0,14.4,0.0028684249739234094,0.4596930412755178,0.5374385337505588,7.333333333333333,1
38928.0,7785.6,80.0,0.0,0.0,0.0,0.0,0.0,0.0,16184.0,22664.0,80.0,25.0,29.0,5.0,822.0,0.021115906288532677,0.0,0.0,0.0,16.0,0.002055076037813399,0.582203041512536,0.41574188244965066,5.0,1
11071.0,2214.2,24.0,0.0,0.0,0.0,0.0,0.0,0.0,5415.0,5632.0,24.0,16.0,25.0,3.0,428.0,0.038659561015265104,0.0,0.0,0.0,4.8,0.002167825851323277,0.5087164664438624,0.4891157077048144,5.333333333333333,1
17127.0,3425.4,88.0,0.0,0.0,0.0,0.0,0.0,0.0,9552.0,7487.0,88.0,21.0,25.0,3.0,487.0,0.028434635371051557,0.0,0.0,0.0,17.6,0.005138086062941554,0.43714602674140246,0.557715887195656,7.0,1
26213.0,5242.6,84.0,0.0,0.0,0.0,0.0,0.0,0.0,10906.0,15222.0,85.0,19.0,27.0,5.0,262.0,0.009995040628695686,0.0,0.0,0.0,16.8,0.0032426658528211193,0.5807042307252127,0.4160531034219662,3.8,1
6660.0,1332.0,24.0,0.0,0.0,0.0,0.0,0.0,0.0,2474.0,4162.0,24.0,15.0,17.0,2.0,41.0,0.006156156156156156,0.0,0.0,0.0,4.8,0.0036036036036036037,0.6249249249249249,0.37147147147147147,7.5,1
29224.0,5844.8,83.0,0.0,0.0,0.0,0.0,0.0,0.0,14912.0,14229.0,83.0,81.0,92.0,32.0,794.0,0.027169449767314537,0.0,0.0,0.0,16.6,0.00284013139885026,0.48689433342458255,0.5102655351765673,2.53125,1
17370.0,3474.0,88.0,38.0,30.0,0.0,0.0,0.0,0.0,5989.0,11223.0,158.0,24.0,25.0,6.0,185.0,0.010650546919976972,0.0,0.0,0.0,17.6,0.009096142774899252,0.6461139896373057,0.34478986758779506,4.0,1
3406.0,681.2,12.0,0.0,0.0,0.0,0.0,0.0,0.0,1731.0,1663.0,12.0,8.0,9.0,2.0,101.0,0.029653552554315912,0.0,0.0,0.0,2.4,0.0035231943628890195,0.48825601879036995,0.508220786846741,4.0,1
42180.0,8436.0,75.0,0.0,0.0,0.0,0.0,0.0,0.0,19196.0,22909.0,75.0,24.0,29.0,8.0,1188.0,0.028165007112375535,0.0,0.0,0.0,15.0,0.0017780938833570413,0.5431247036510194,0.4550972024656235,3.0,1
7820.0,1564.0,16.0,0.0,0.0,0.0,0.0,0.0,0.0,2936.0,4868.0,16.0,13.0,14.0,2.0,66.0,0.00843989769820972,0.0,0.0,0.0,3.2,0.0020460358056265983,0.6225063938618925,0.37544757033248083,6.5,1
33760.0,6752.0,74.0,0.0,0.0,0.0,0.0,0.0,0.0,13499.0,20187.0,74.0,23.0,29.0,8.0,1702.0,0.05041469194312796,0.0,0.0,0.0,14.8,0.0021919431279620854,0.5979561611374408,0.3998518957345972,2.875,1
16240.0,3248.0,28.0,0.0,0.0,0.0,0.0,0.0,0.0,8218.0,7994.0,28.0,21.0,24.0,6.0,346.0,0.02130541871921182,0.0,0.0,0.0,5.6,0.0017241379310344827,0.49224137931034484,0.5060344827586207,3.5,1
41090.0,8218.0,81.0,4.0,6.0,1.0,1.0,0.0,0.0,16941.0,24047.0,102.0,27.0,38.0,12.0,1476.0,0.03592114869798004,0.2,0.0,0.0,16.2,0.0024823558043319542,0.5852275492820638,0.4122900949136043,2.25,1
8910.0,1782.0,25.0,1.0,2.0,0.0,0.0,0.0,0.0,4133.0,4749.0,28.0,18.0,19.0,3.0,268.0,0.030078563411896745,0.0,0.0,0.0,5.0,0.0031425364758698093,0.532996632996633,0.4638608305274972,6.0,1
29860.0,5972.0,82.0,0.0,0.0,0.0,0.0,0.0,0.0,13951.0,15827.0,82.0,32.0,35.0,8.0,1184.0,0.03965170797052914,0.0,0.0,0.0,16.4,0.0027461486939048896,0.530040187541862,0.46721366376423307,4.0,1
20138.0,4027.6,63.0,0.0,0.0,0.0,0.0,0.0,0.0,8217.0,11858.0,63.0,27.0,34.0,4.0,505.0,0.02507696891449002,0.0,0.0,0.0,12.6,0.003128413943787864,0.5888370245307379,0.40803456152547424,6.75,1
19438.0,3887.6,76.0,15.0,7.0,0.0,0.0,0.0,0.0,8038.0,11302.0,98.0,21.0,23.0,3.0,638.0,0.032822306821689476,0.0,0.0,0.0,15.2,0.005041670953801832,0.5814384195904928,0.4135199094557053,7.0,1
26107.0,5221.4,95.0,0.0,0.0,0.0,0.0,0.0,0.0,11874.0,14138.0,95.0,26.0,29.0,4.0,601.0,0.02302064580380741,0.0,0.0,0.0,19.0,0.0036388708009346153,0.5415405829854062,0.4548205462136592,6.5,1
4455.0,891.0,9.0,0.0,0.0,0.0,0.0,0.0,0.0,1950.0,2496.0,9.0,10.0,13.0,2.0,66.0,0.014814814814814815,0.0,0.0,0.0,1.8,0.00202020202020202,0.5602693602693603,0.4377104377104377,5.0,1
36958.0,7391.6,79.0,0.0,0.0,0.0,0.0,0.0,0.0,20357.0,16522.0,79.0,93.0,98.0,41.0,1701.0,0.04602521781481682,0.0,0.0,0.0,15.8,0.002137561556361275,0.44704800043292386,0.5508144380107148,2.268292682926829,1
13042.0,2608.4,23.0,0.0,0.0,0.0,0.0,0.0,0.0,8847.0,4172.0,23.0,19.0,23.0,3.0,313.0,0.023999386597147676,0.0,0.0,0.0,4.6,0.001763533200429382,0.3198895874865818,0.6783468793129888,6.333333333333333,1
25312.0,5062.4,84.0,0.0,4.0,0.0,0.0,0.0,0.0,9681.0,15543.0,88.0,20.0,30.0,4.0,569.0,0.02247945638432364,0.0,0.0,0.0,16.8,0.00347661188369153,0.6140565739570164,0.382466814159292,5.0,1
24688.0,4937.6,81.0,0.0,0.0,0.0,0.0,0.0,0.0,11456.0,13151.0,81.0,24.0,29.0,7.0,537.0,0.02175145819831497,0.0,0.0,0.0,16.2,0.0032809462086843813,0.5326879455605963,0.46403110823071936,3.4285714285714284,1
23351.0,4670.2,72.0,0.0,0.0,0.0,0.0,0.0,0.0,9200.0,14079.0,72.0,20.0,25.0,5.0,318.0,0.013618260459937475,0.0,0.0,0.0,14.4,0.0030833797267782966,0.6029292107404394,0.39398740953278233,4.0,1
24642.0,4928.4,87.0,0.0,0.0,0.0,0.0,0.0,0.0,10159.0,14396.0,87.0,23.0,30.0,4.0,635.0,0.02576901225549874,0.0,0.0,0.0,17.4,0.0035305575846116388,0.5842058274490707,0.4122636149663177,5.75,1
2007.0,401.4,6.0,0.0,0.0,0.0,0.0,0.0,0.0,1190.0,811.0,6.0,12.0,16.0,2.0,278.0,0.13851519681116092,0.0,0.0,0.0,1.2,0.0029895366218236174,0.40408570004982564,0.5929247633283508,6.0,1
19864.0,3972.8,75.0,9.0,20.0,0.0,0.0,0.0,0.0,8347.0,11413.0,104.0,22.0,27.0,4.0,677.0,0.034081755940394684,0.0,0.0,0.0,15.0,0.005235602094240838,0.5745569875151026,0.42020741039065646,5.5,1
11245.0,2249.0,89.0,3.0,8.0,2.0,6.0,1.0,0.0,2790.0,8339.0,116.0,18.0,20.0,4.0,42.0,0.003734993330369053,1.2,0.2,0.0,17.8,0.010315695864828812,0.7415740329035126,0.24811027123165852,4.5,1
5720.0,1144.0,50.0,15.0,6.0,0.0,1.0,0.0,0.0,1210.0,4438.0,72.0,16.0,19.0,3.0,34.0,0.005944055944055944,0.2,0.0,0.0,10.0,0.012587412587412588,0.7758741258741259,0.21153846153846154,5.333333333333333,1
13171.0,2634.2,68.0,16.0,8.0,0.0,1.0,0.0,0.0,4452.0,8624.0,95.0,16.0,21.0,3.0,71.0,0.005390630931592135,0.2,0.0,0.0,13.6,0.007212816035228912,0.6547718472401488,0.33801533672462225,5.333333333333333,1
18024.0,3604.8,86.0,23.0,29.0,0.0,0.0,0.0,0.0,7234.0,10649.0,141.0,24.0,24.0,6.0,246.0,0.013648468708388815,0.0,0.0,0.0,17.2,0.007822902796271639,0.5908233466489126,0.4013537505548158,4.0,1
27528.0,5505.6,89.0,3.0,7.0,0.0,0.0,0.0,0.0,11428.0,15998.0,102.0,14.0,15.0,2.0,147.0,0.0053400174367916305,0.0,0.0,0.0,17.8,0.0037053182214472537,0.5811537343795409,0.4151409473990119,7.0,1
4448.0,889.6,38.0,0.0,0.0,0.0,0.0,0.0,0.0,1971.0,2437.0,40.0,10.0,12.0,3.0,723.0,0.16254496402877697,0.0,0.0,0.0,7.6,0.008992805755395683,0.547886690647482,0.4431205035971223,3.3333333333333335,1
24419.0,4883.8,72.0,0.0,0.0,0.0,0.0,0.0,0.0,11091.0,13256.0,72.0,40.0,40.0,26.0,656.0,0.02686432695851591,0.0,0.0,0.0,14.4,0.0029485236905688193,0.5428559728080593,0.4541955035013719,1.5384615384615385,1
5926.0,1185.2,94.0,0.0,0.0,0.0,0.0,0.0,0.0,938.0,4887.0,101.0,21.0,27.0,6.0,60.0,0.010124873439082012,0.0,0.0,0.0,18.8,0.017043536955788054,0.8246709416132298,0.15828552143098212,3.5,1
15753.0,3150.6,91.0,0.0,0.0,0.0,0.0,0.0,0.0,6801.0,8860.0,92.0,19.0,26.0,4.0,1154.0,0.07325588776740938,0.0,0.0,0.0,18.2,0.005840157430330731,0.5624325525296768,0.4317272900399924,4.75,1
3902.0,780.4,43.0,0.0,0.0,0.0,0.0,0.0,0.0,2603.0,1256.0,43.0,19.0,21.0,5.0,1602.0,0.4105586878523834,0.0,0.0,0.0,8.6,0.011019989748846746,0.32188621219887237,0.6670937980522809,3.8,1
17367.0,3473.4,85.0,0.0,0.0,0.0,0.0,0.0,0.0,9741.0,7541.0,85.0,19.0,24.0,5.0,2182.0,0.1256405827143433,0.0,0.0,0.0,17.0,0.004894339839926297,0.4342143145045201,0.5608913456555537,3.8,1
21455.0,4291.0,91.0,0.0,0.0,0.0,0.0,0.0,0.0,9810.0,11553.0,92.0,29.0,27.0,6.0,1088.0,0.05071079002563505,0.0,0.0,0.0,18.2,0.0042880447448147285,0.5384758797483105,0.45723607550687484,4.833333333333333,0
11178.0,2235.6,64.0,0.0,0.0,0.0,0.0,0.0,0.0,3633.0,7481.0,64.0,20.0,29.0,7.0,308.0,0.02755412417248166,0.0,0.0,0.0,12.8,0.0057255322955806045,0.6692610484881016,0.32501341921631777,2.857142857142857,0
21543.0,4308.6,71.0,19.0,12.0,2.0,0.0,1.0,0.0,8031.0,13405.0,107.0,22.0,28.0,2.0,589.0,0.02734066750220489,0.0,0.2,0.0,14.2,0.004966810564916678,0.6222438843243745,0.3727893051107088,11.0,1
20393.0,4078.6,90.0,15.0,19.0,0.0,0.0,1.0,0.0,7999.0,12269.0,125.0,37.0,41.0,11.0,1340.0,0.06570882165448928,0.0,0.2,0.0,18.0,0.006129554258814299,0.601628009611141,0.3922424361300446,3.3636363636363638,1
8063.0,1612.6,18.0,17.0,19.0,0.0,0.0,0.0,0.0,3550.0,4459.0,54.0,24.0,21.0,7.0,676.0,0.08383976187523254,0.0,0.0,0.0,3.6,0.006697259084707925,0.5530199677539377,0.44028277316135433,3.4285714285714284,1
13385.0,2677.0,91.0,0.0,0.0,0.0,0.0,0.0,0.0,6260.0,7033.0,92.0,31.0,32.0,10.0,894.0,0.06679118416137467,0.0,0.0,0.0,18.2,0.006873365707881957,0.5254389241688457,0.4676877101232723,3.1,1
6000.0,1200.0,94.0,19.0,23.0,2.0,0.0,0.0,0.0,1957.0,3900.0,143.0,24.0,25.0,5.0,346.0,0.057666666666666665,0.0,0.0,0.0,18.8,0.023833333333333335,0.65,0.32616666666666666,4.8,1
20253.0,4050.6,86.0,20.0,35.0,2.0,0.0,1.0,0.0,8060.0,12047.0,146.0,28.0,35.0,7.0,647.0,0.031945884560312054,0.0,0.2,0.0,17.2,0.007208808571569644,0.5948254579568459,0.3979657334715845,4.0,1
10362.0,2072.4,33.0,8.0,13.0,0.0,0.0,1.0,0.0,6403.0,3904.0,55.0,28.0,26.0,4.0,1663.0,0.16049025284694074,0.0,0.2,0.0,6.6,0.005307855626326964,0.37676124300328123,0.6179309013703919,7.0,1
14189.0,2837.8,89.0,9.0,14.0,0.0,0.0,0.0,0.0,6682.0,7395.0,112.0,26.0,29.0,6.0,1028.0,0.07245048981605469,0.0,0.0,0.0,17.8,0.007893438579181056,0.5211783776164635,0.47092818380435547,4.333333333333333,1
17414.0,3482.8,91.0,11.0,22.0,0.0,0.0,0.0,0.0,9617.0,7673.0,124.0,21.0,27.0,4.0,863.0,0.049557827035718385,0.0,0.0,0.0,18.2,0.0071207074767428505,0.44062248765361206,0.5522568048696451,5.25,1
18395.0,3679.0,26.0,0.0,0.0,0.0,0.0,0.0,0.0,10008.0,8361.0,26.0,20.0,22.0,2.0,407.0,0.022125577602609404,0.0,0.0,0.0,5.2,0.0014134275618374558,0.4545256863278065,0.5440608861103561,10.0,1
47043.0,9408.6,65.0,16.0,19.0,2.0,0.0,1.0,0.0,24645.0,22293.0,105.0,21.0,28.0,5.0,1208.0,0.02567863444083073,0.0,0.2,0.0,13.0,0.0022320005101715452,0.4738855940309929,0.5238824054588356,4.2,1
2957.0,591.4,13.0,0.0,0.0,0.0,0.0,0.0,0.0,1420.0,1524.0,13.0,9.0,10.0,2.0,8.0,0.002705444707473791,0.0,0.0,0.0,2.6,0.00439634764964491,0.5153872167737572,0.4802164355765979,4.5,1
22047.0,4409.4,78.0,10.0,17.0,2.0,0.0,1.0,0.0,8889.0,13048.0,110.0,27.0,26.0,8.0,369.0,0.016736971016464826,0.0,0.2,0.0,15.6,0.004989340953417698,0.5918265523654012,0.4031841066811811,3.375,1
27953.0,5590.6,62.0,11.0,16.0,2.0,0.0,0.0,0.0,18340.0,9520.0,93.0,20.0,26.0,3.0,3341.0,0.11952205487783064,0.0,0.0,0.0,12.4,0.0033270132007297963,0.34057167388115767,0.6561013129181126,6.666666666666667,1
28899.0,5779.8,68.0,18.0,20.0,0.0,0.0,1.0,0.0,12231.0,16561.0,107.0,25.0,30.0,6.0,1446.0,0.05003633343714315,0.0,0.2,0.0,13.6,0.0037025502612547147,0.5730648119312087,0.4232326378075366,4.166666666666667,1
21100.0,4220.0,56.0,16.0,19.0,0.0,0.0,0.0,0.0,10188.0,10821.0,91.0,28.0,34.0,10.0,1370.0,0.06492890995260664,0.0,0.0,0.0,11.2,0.004312796208530805,0.5128436018957346,0.4828436018957346,2.8,1
31153.0,6230.6,78.0,3.0,6.0,0.0,0.0,0.0,0.0,12288.0,18778.0,87.0,23.0,25.0,2.0,1376.0,0.04416910088915995,0.0,0.0,0.0,15.6,0.0027926684428465957,0.6027669887330274,0.3944403428241261,11.5,1
18846.0,3769.2,66.0,0.0,0.0,0.0,1.0,0.0,0.0,8930.0,9849.0,67.0,17.0,19.0,5.0,435.0,0.023081821076090418,0.2,0.0,0.0,13.2,0.0035551310622943862,0.5226042661572747,0.4738406027804309,3.4,1
24464.0,4892.8,59.0,0.0,0.0,0.0,0.0,0.0,0.0,11570.0,12835.0,59.0,22.0,25.0,5.0,427.0,0.017454218443427077,0.0,0.0,0.0,11.8,0.002411706998037933,0.5246484630477436,0.47293982995421846,4.4,1
4318.0,863.6,96.0,0.0,0.0,0.0,0.0,0.0,0.0,1630.0,2592.0,96.0,13.0,15.0,3.0,172.0,0.03983325613710051,0.0,0.0,0.0,19.2,0.0222325150532654,0.6002779064381658,0.3774895785085688,4.333333333333333,1
20657.0,4131.4,86.0,0.0,0.0,0.0,0.0,0.0,0.0,10917.0,9654.0,86.0,22.0,29.0,3.0,1710.0,0.08278065546788013,0.0,0.0,0.0,17.2,0.0041632376434138545,0.4673476303432251,0.5284891320133611,7.333333333333333,1
559.0,111.8,2.0,0.0,0.0,0.0,0.0,0.0,0.0,262.0,295.0,2.0,9.0,11.0,2.0,73.0,0.13059033989266547,0.0,0.0,0.0,0.4,0.0035778175313059034,0.5277280858676208,0.46869409660107336,4.5,1
29288.0,5857.6,85.0,0.0,0.0,0.0,0.0,0.0,0.0,14706.0,14497.0,85.0,22.0,23.0,4.0,1632.0,0.055722480196667576,0.0,0.0,0.0,17.0,0.002902212510243103,0.494980879541109,0.5021169079486479,5.5,1
8844.0,1768.8,96.0,0.0,0.0,0.0,0.0,0.0,0.0,3408.0,5336.0,100.0,16.0,19.0,2.0,114.0,0.012890094979647219,0.0,0.0,0.0,19.2,0.011307100859339666,0.6033469018543646,0.3853459972862958,8.0,1
4637.0,927.4,95.0,0.0,0.0,0.0,0.0,0.0,0.0,1320.0,3217.0,100.0,15.0,21.0,2.0,107.0,0.023075264179426354,0.0,0.0,0.0,19.0,0.021565667457407806,0.6937675221048092,0.284666810437783,7.5,1
7231.0,1446.2,65.0,4.0,7.0,0.0,0.0,0.0,0.0,2734.0,4421.0,76.0,22.0,20.0,5.0,521.0,0.07205089199280874,0.0,0.0,0.0,13.0,0.010510302862674596,0.6113953809984788,0.37809431613884664,4.4,1
34216.0,6843.2,84.0,0.0,0.0,0.0,0.0,0.0,0.0,14693.0,19439.0,84.0,30.0,30.0,7.0,1285.0,0.03755552957680617,0.0,0.0,0.0,16.8,0.0024549918166939444,0.568126022913257,0.4294189852700491,4.285714285714286,1
15783.0,3156.6,50.0,11.0,21.0,0.0,0.0,0.0,0.0,5127.0,10574.0,82.0,16.0,20.0,2.0,83.0,0.00525882278400811,0.0,0.0,0.0,10.0,0.00519546347335741,0.6699613508205031,0.3248431857061395,8.0,1
14057.0,2811.4,77.0,11.0,22.0,2.0,0.0,0.0,0.0,5630.0,8311.0,116.0,20.0,28.0,3.0,31.0,0.002205306964501672,0.0,0.0,0.0,15.4,0.008252116383296579,0.5912356832894643,0.4005122003272391,6.666666666666667,1
21812.0,4362.4,96.0,0.0,0.0,0.0,0.0,1.0,0.0,9401.0,12314.0,97.0,25.0,31.0,7.0,971.0,0.044516779754263706,0.0,0.2,0.0,19.2,0.004447093343113882,0.5645516229598386,0.4310012836970475,3.5714285714285716,1
14131.0,2826.2,19.0,0.0,0.0,0.0,0.0,0.0,0.0,6670.0,7442.0,19.0,11.0,14.0,2.0,119.0,0.008421201613473922,0.0,0.0,0.0,3.8,0.0013445616021512986,0.5266435496426297,0.47201188875521904,5.5,1
21753.0,4350.6,87.0,30.0,42.0,2.0,0.0,1.0,0.0,8834.0,12753.0,166.0,18.0,18.0,2.0,423.0,0.019445593711212246,0.0,0.2,0.0,17.4,0.0076311313382062245,0.5862639635912288,0.40610490507056496,9.0,1
8117.0,1623.4,95.0,31.0,40.0,2.0,0.0,0.0,0.0,2581.0,5364.0,172.0,19.0,21.0,2.0,220.0,0.027103609708020206,0.0,0.0,0.0,19.0,0.021190094862633978,0.6608352839719108,0.3179746211654552,9.5,1
18975.0,3795.0,86.0,11.0,15.0,2.0,0.0,1.0,0.0,7926.0,10931.0,118.0,20.0,25.0,2.0,580.0,0.030566534914361003,0.0,0.2,0.0,17.2,0.00621870882740448,0.5760737812911726,0.4177075098814229,10.0,1
1155.0,231.0,8.0,0.0,0.0,0.0,0.0,0.0,0.0,394.0,753.0,8.0,9.0,12.0,2.0,15.0,0.012987012987012988,0.0,0.0,0.0,1.6,0.006926406926406926,0.6519480519480519,0.3411255411255411,4.5,1
25003.0,5000.6,84.0,9.0,13.0,2.0,0.0,2.0,0.0,13022.0,11868.0,113.0,21.0,25.0,2.0,1907.0,0.07627084749830021,0.0,0.4,0.0,16.8,0.004519457665080191,0.4746630404351478,0.520817501899772,10.5,1
14655.0,2931.0,90.0,9.0,13.0,2.0,0.0,0.0,0.0,7767.0,6770.0,118.0,19.0,21.0,3.0,573.0,0.0390992835209826,0.0,0.0,0.0,18.0,0.008051859433640396,0.4619583759808939,0.5299897645854658,6.333333333333333,1
5423.0,1084.6,95.0,9.0,17.0,2.0,0.0,2.0,0.0,2364.0,2931.0,128.0,23.0,22.0,6.0,191.0,0.035220357735570716,0.0,0.4,0.0,19.0,0.02360317167619399,0.5404757514290983,0.4359210768947077,3.8333333333333335,1
4918.0,983.6,43.0,14.0,18.0,0.0,0.0,0.0,0.0,1669.0,3174.0,75.0,14.0,18.0,3.0,385.0,0.0782838552257015,0.0,0.0,0.0,8.6,0.015250101667344449,0.6453843025620171,0.33936559577063846,4.666666666666667,1
31291.0,6258.2,83.0,13.0,18.0,2.0,0.0,1.0,0.0,12165.0,19007.0,119.0,24.0,26.0,9.0,545.0,0.017417148700904415,0.0,0.2,0.0,16.6,0.0038030104502892207,0.6074270557029178,0.388769933846793,2.6666666666666665,1
18709.0,3741.8,74.0,3.0,8.0,2.0,0.0,1.0,0.0,9363.0,9256.0,90.0,20.0,25.0,2.0,795.0,0.042492917847025496,0.0,0.2,0.0,14.8,0.004810519001550056,0.4947351542038591,0.5004543267945908,10.0,1
25303.0,5060.6,86.0,27.0,36.0,2.0,0.0,1.0,0.0,8623.0,16525.0,155.0,19.0,22.0,4.0,156.0,0.0061652768446429276,0.0,0.2,0.0,17.2,0.00612575583922855,0.6530846144725921,0.3407896296881793,4.75,1
24695.0,4939.0,78.0,13.0,13.0,2.0,0.0,1.0,0.0,10974.0,13612.0,109.0,21.0,25.0,3.0,992.0,0.04017007491395019,0.0,0.2,0.0,15.6,0.004413848957278801,0.5512046973071472,0.44438145373557403,7.0,1
16783.0,3356.6,75.0,8.0,12.0,2.0,0.0,1.0,0.0,8521.0,8162.0,100.0,17.0,21.0,2.0,1383.0,0.08240481439551928,0.0,0.2,0.0,15.0,0.005958410296132991,0.4863254483703748,0.5077161413334922,8.5,1
33217.0,6643.4,75.0,0.0,0.0,2.0,0.0,1.0,0.0,14092.0,19045.0,80.0,20.0,20.0,4.0,1728.0,0.05202155522774483,0.0,0.2,0.0,15.0,0.0024084053346178163,0.5733509949724539,0.4242405996929283,5.0,1
25504.0,5100.8,87.0,42.0,57.0,0.0,0.0,0.0,0.0,10363.0,14955.0,186.0,30.0,29.0,9.0,975.0,0.038229297365119194,0.0,0.0,0.0,17.4,0.00729297365119197,0.5863786072772899,0.4063284190715182,3.3333333333333335,1
3224.0,644.8,24.0,0.0,0.0,0.0,0.0,0.0,0.0,1194.0,2006.0,24.0,16.0,16.0,2.0,121.0,0.03753101736972705,0.0,0.0,0.0,4.8,0.007444168734491315,0.6222084367245657,0.37034739454094295,8.0,1
37890.0,7578.0,49.0,0.0,0.0,0.0,0.0,0.0,0.0,12103.0,25738.0,49.0,63.0,75.0,38.0,744.0,0.019635787806809184,0.0,0.0,0.0,9.8,0.0012932172077065188,0.6792821324887833,0.31942465030351014,1.6578947368421053,0
12110.0,2422.0,19.0,0.0,0.0,0.0,0.0,0.0,0.0,2829.0,9262.0,19.0,24.0,30.0,8.0,190.0,0.01568951279933939,0.0,0.0,0.0,3.8,0.001568951279933939,0.764822460776218,0.23360858794384806,3.0,0
31140.0,6228.0,48.0,0.0,0.0,0.0,0.0,0.0,0.0,14746.0,16343.0,51.0,62.0,71.0,41.0,1208.0,0.03879254977520873,0.0,0.0,0.0,9.6,0.0016377649325626203,0.5248233782915864,0.473538856775851,1.5121951219512195,0
18860.0,3772.0,35.0,0.0,0.0,0.0,0.0,0.0,0.0,6667.0,12158.0,35.0,29.0,31.0,23.0,740.0,0.03923647932131495,0.0,0.0,0.0,7.0,0.001855779427359491,0.644644750795334,0.35349946977730645,1.2608695652173914,0
26361.0,5272.2,49.0,0.0,0.0,0.0,0.0,0.0,0.0,8357.0,17955.0,49.0,98.0,90.0,77.0,678.0,0.02571981336064641,0.0,0.0,0.0,9.8,0.0018588065703122037,0.6811198361215431,0.3170213573081446,1.2727272727272727,0
23639.0,4727.8,38.0,0.0,0.0,0.0,0.0,0.0,0.0,6351.0,17250.0,38.0,41.0,42.0,18.0,450.0,0.0190363382545793,0.0,0.0,0.0,7.6,0.001607513008164474,0.729726299758873,0.2686661872329625,2.2777777777777777,0
25331.0,5066.2,48.0,0.0,0.0,0.0,0.0,0.0,0.0,5332.0,19949.0,50.0,39.0,45.0,21.0,103.0,0.004066163988788441,0.0,0.0,0.0,9.6,0.0019738660139749713,0.787533062255734,0.21049307173029094,1.8571428571428572,0
24669.0,4933.8,43.0,0.0,0.0,0.0,0.0,0.0,0.0,8791.0,15835.0,43.0,56.0,59.0,44.0,584.0,0.02367343629656654,0.0,0.0,0.0,8.6,0.0017430783574526735,0.6418987393084438,0.35635818233410355,1.2727272727272727,0
35670.0,7134.0,47.0,0.0,0.0,0.0,0.0,0.0,0.0,13785.0,21838.0,47.0,69.0,76.0,52.0,1552.0,0.04350995234090272,0.0,0.0,0.0,9.4,0.0013176338659938323,0.6122231567143258,0.3864592094196804,1.3269230769230769,0
14330.0,2866.0,17.0,0.0,0.0,0.0,0.0,0.0,0.0,5631.0,8682.0,17.0,40.0,36.0,19.0,279.0,0.019469644103279834,0.0,0.0,0.0,3.4,0.0011863224005582694,0.6058618283321703,0.39295184926727145,2.1052631578947367,0
24785.0,4957.0,39.0,0.0,0.0,0.0,0.0,0.0,0.0,9136.0,15610.0,39.0,72.0,63.0,43.0,526.0,0.02122251361710712,0.0,0.0,0.0,7.8,0.0015735323784547106,0.6298164212225136,0.36861004639903167,1.6744186046511629,0
25215.0,5043.0,46.0,0.0,0.0,0.0,0.0,0.0,0.0,7871.0,17298.0,46.0,50.0,48.0,30.0,1473.0,0.05841760856632956,0.0,0.0,0.0,9.2,0.0018243109260360896,0.6860202260559191,0.3121554630180448,1.6666666666666667,0
25818.0,5163.6,38.0,0.0,0.0,0.0,0.0,0.0,0.0,10368.0,15409.0,41.0,58.0,64.0,34.0,244.0,0.009450770780075916,0.0,0.0,0.0,7.6,0.0015880393523898056,0.5968316678286467,0.4015802928189635,1.7058823529411764,0
24182.0,4836.4,25.0,0.0,0.0,0.0,0.0,0.0,0.0,10058.0,14099.0,25.0,53.0,52.0,30.0,69.0,0.0028533620047969566,0.0,0.0,0.0,5.0,0.0010338268133322306,0.5830369696468448,0.415929203539823,1.7666666666666666,0
41102.0,8220.4,47.0,0.0,0.0,0.0,0.0,0.0,0.0,19152.0,21903.0,47.0,41.0,46.0,16.0,187.0,0.0045496569509999515,0.0,0.0,0.0,9.4,0.0011434966668288648,0.5328937764585665,0.46596272687460466,2.5625,0
8898.0,1779.6,6.0,0.0,0.0,0.0,0.0,0.0,0.0,4400.0,4492.0,6.0,21.0,18.0,6.0,11.0,0.0012362328613171499,0.0,0.0,0.0,1.2,0.0006743088334457181,0.5048325466396943,0.49449314452686,3.5,0
23357.0,4671.4,44.0,0.0,0.0,0.0,0.0,0.0,0.0,9456.0,13857.0,44.0,28.0,28.0,13.0,937.0,0.04011645331164105,0.0,0.0,0.0,8.8,0.0018838035706640408,0.5932696836066276,0.4048465128227084,2.1538461538461537,0
26643.0,5328.6,43.0,0.0,0.0,0.0,0.0,0.0,0.0,11542.0,15055.0,46.0,26.0,33.0,10.0,864.0,0.032428780542731676,0.0,0.0,0.0,8.6,0.0017265322974139548,0.5650639942949368,0.4332094734076493,2.6,0
29768.0,5953.6,48.0,0.0,0.0,0.0,0.0,0.0,0.0,8595.0,21124.0,49.0,69.0,65.0,46.0,175.0,0.005878796022574577,0.0,0.0,0.0,9.6,0.0016460628863208815,0.7096210696049449,0.2887328675087342,1.5,0
20232.0,4046.4,36.0,0.0,0.0,0.0,0.0,0.0,0.0,4422.0,15774.0,36.0,49.0,58.0,32.0,205.0,0.01013246342427837,0.0,0.0,0.0,7.2,0.0017793594306049821,0.779655990510083,0.21856465005931197,1.53125,0
27836.0,5567.2,39.0,0.0,0.0,0.0,0.0,0.0,0.0,8404.0,19392.0,40.0,67.0,69.0,52.0,663.0,0.023818077309958326,0.0,0.0,0.0,7.8,0.0014369880729989942,0.6966518177899124,0.30191119413708867,1.2884615384615385,0
22164.0,4432.8,34.0,0.0,0.0,0.0,0.0,0.0,0.0,5705.0,16425.0,34.0,67.0,59.0,37.0,391.0,0.017641219996390543,0.0,0.0,0.0,6.8,0.0015340191301209168,0.7410665944775311,0.25739938639234794,1.8108108108108107,0
17403.0,3480.6,40.0,0.0,0.0,0.0,0.0,0.0,0.0,5090.0,12273.0,40.0,55.0,63.0,57.0,162.0,0.009308739872435787,0.0,0.0,0.0,8.0,0.0022984542894903177,0.7052232373728667,0.29247830833764293,0.9649122807017544,0
30238.0,6047.6,46.0,0.0,0.0,0.0,0.0,0.0,0.0,8733.0,21459.0,46.0,73.0,51.0,51.0,542.0,0.01792446590382962,0.0,0.0,0.0,9.2,0.0015212646339043587,0.7096699517163834,0.2888087836497123,1.4313725490196079,0
2359.0,471.8,4.0,0.0,0.0,0.0,0.0,0.0,0.0,977.0,1378.0,4.0,15.0,21.0,5.0,317.0,0.13437897414158542,0.0,0.0,0.0,0.8,0.001695633743111488,0.5841458245019076,0.4141585417549809,3.0,0
23449.0,4689.8,39.0,0.0,2.0,0.0,0.0,0.0,0.0,12508.0,10900.0,41.0,16.0,24.0,1.0,1156.0,0.04929847754701693,0.0,0.0,0.0,7.8,0.0017484754147298392,0.46483858586720117,0.533412938718069,16.0,0
26551.0,5310.2,46.0,0.0,0.0,0.0,0.0,0.0,0.0,6817.0,19688.0,46.0,16.0,25.0,4.0,316.0,0.01190162329102482,0.0,0.0,0.0,9.2,0.0017325147828707017,0.7415163270686603,0.256751158148469,4.0,0
25792.0,5158.4,41.0,0.0,0.0,0.0,0.0,0.0,0.0,13796.0,11955.0,41.0,31.0,32.0,9.0,3164.0,0.12267369727047146,0.0,0.0,0.0,8.2,0.0015896401985111663,0.4635158188585608,0.534894540942928,3.4444444444444446,0
24207.0,4841.4,32.0,4.0,2.0,0.0,0.0,0.0,0.0,11567.0,12601.0,39.0,18.0,27.0,4.0,814.0,0.03362663692320403,0.0,0.0,0.0,6.4,0.001611104226050316,0.5205519064733342,0.4778369893006155,4.5,0
26453.0,5290.6,41.0,0.0,0.0,0.0,0.0,0.0,0.0,12368.0,14041.0,44.0,28.0,34.0,9.0,1363.0,0.051525346841568065,0.0,0.0,0.0,8.2,0.0016633274108796734,0.5307904585491249,0.46754621403999547,3.111111111111111,0
23547.0,4709.4,27.0,0.0,0.0,0.0,0.0,0.0,0.0,11283.0,12237.0,27.0,50.0,48.0,37.0,1879.0,0.07979785110629804,0.0,0.0,0.0,5.4,0.0011466428844438782,0.5196840361829532,0.4791693209326029,1.3513513513513513,0
